miRNA,mLi_1,mLi_2,mLi_3,mLu_1,mLu_2,mLu_3,nCR_1,nCR_2,nCR_3,nLi_1,nLi_2,nLi_3,nLu_1,nLu_2,nLu_3,pCRC_1,pCRC_2,pCRC_3
Hsa-Let-7-P10_3p*,0.0,0.0,0.0,0.0,0.0,0.0,0.0,0.0,0.0,0.0,0.0,0.0,0.0,0.0,0.0,0.0,0.0,0.0
Hsa-Let-7-P10_5p/7-P5_5p,10519.0,23771.0,7579.0,7241.0,10384.0,9879.0,6233.0,8198.0,5225.0,6736.0,10311.0,4533.0,5679.0,7302.0,13661.0,3063.0,8964.0,5366.0
Hsa-Let-7-P11_3p*,0.0,0.0,0.0,0.0,0.0,12.0,2.0,0.0,0.0,0.0,0.0,0.0,2.0,0.0,0.0,0.0,0.0,0.0
Hsa-Let-7-P11_5p,3209.0,6490.0,2545.0,2063.0,2276.0,2218.0,2976.0,3454.0,1911.0,2811.0,3384.0,1933.0,1255.0,2001.0,2673.0,1162.0,2972.0,1365.0
Hsa-Let-7-P12_3p*,44.0,5.0,3.0,11.0,5.0,23.0,28.0,14.0,10.0,7.0,6.0,0.0,5.0,7.0,17.0,14.0,16.0,13.0
Hsa-Let-7-P12_5p,3648.0,2060.0,833.0,2088.0,1501.0,3469.0,1849.0,1825.0,1076.0,754.0,972.0,412.0,1126.0,1486.0,2561.0,1008.0,2128.0,1625.0
Hsa-Let-7-P1_3p*,0.0,0.0,0.0,3.0,0.0,0.0,0.0,0.0,0.0,0.0,0.0,0.0,0.0,0.0,0.0,0.0,0.0,0.0
Hsa-Let-7-P1_5p/7-P3_5p/7-P6_5p/7-P7_5p,13733.0,24461.0,16437.0,8161.0,7941.0,8154.0,10321.0,14108.0,9678.0,16752.0,15292.0,13686.0,11135.0,17695.0,15833.0,3763.0,14230.0,8105.0
Hsa-Let-7-P2_3p*,8.0,0.0,8.0,5.0,3.0,0.0,0.0,4.0,6.0,7.0,3.0,4.0,4.0,11.0,7.0,0.0,0.0,5.0
Hsa-Let-7-P2_5p,1000.0,1204.0,969.0,299.0,161.0,324.0,453.0,420.0,512.0,756.0,317.0,581.0,797.0,960.0,483.0,171.0,396.0,434.0
Hsa-Let-7-P3_3p*,5.0,0.0,0.0,0.0,0.0,0.0,0.0,0.0,0.0,2.0,6.0,0.0,0.0,2.0,0.0,0.0,0.0,0.0
Hsa-Let-7-P4_3p*,64.0,172.0,309.0,47.0,53.0,39.0,99.0,94.0,64.0,130.0,45.0,77.0,173.0,146.0,70.0,44.0,79.0,63.0
Hsa-Let-7-P4_5p,435.0,879.0,855.0,230.0,393.0,242.0,412.0,533.0,333.0,369.0,309.0,317.0,378.0,586.0,473.0,168.0,615.0,261.0
Hsa-Let-7-P5_3p*,17.0,0.0,0.0,0.0,0.0,9.0,0.0,10.0,0.0,0.0,7.0,0.0,0.0,0.0,9.0,0.0,0.0,9.0
Hsa-Let-7-P6_3p*/7-P7_3p*,81.0,8.0,4.0,43.0,48.0,63.0,3.0,7.0,26.0,4.0,3.0,2.0,0.0,3.0,48.0,25.0,21.0,15.0
Hsa-Let-7-P8_3p*,58.0,47.0,67.0,23.0,24.0,0.0,31.0,30.0,32.0,91.0,60.0,95.0,39.0,27.0,38.0,13.0,32.0,38.0
Hsa-Let-7-P8_5p,2660.0,4648.0,4286.0,1495.0,827.0,1549.0,3871.0,4916.0,2737.0,3585.0,2056.0,4166.0,4907.0,5259.0,2382.0,813.0,3096.0,1184.0
Hsa-Let-7-P9_3p*,0.0,0.0,0.0,0.0,0.0,0.0,0.0,0.0,0.0,0.0,0.0,0.0,0.0,0.0,0.0,0.0,0.0,0.0
Hsa-Let-7-P9_5p,798.0,644.0,507.0,645.0,1484.0,1223.0,561.0,789.0,388.0,293.0,404.0,157.0,194.0,330.0,802.0,234.0,737.0,447.0
Hsa-Mir-1-P1_3p/1-P2_3p,0.0,2.0,0.0,0.0,0.0,2.0,4.0,6.0,31.0,0.0,0.0,0.0,3.0,2.0,5.0,0.0,0.0,7.0
Hsa-Mir-1-P1_5p*,0.0,0.0,0.0,0.0,0.0,0.0,0.0,0.0,2.0,0.0,0.0,0.0,0.0,0.0,0.0,0.0,0.0,0.0
Hsa-Mir-1-P2_5p*,0.0,0.0,0.0,0.0,0.0,0.0,0.0,0.0,0.0,0.0,0.0,0.0,0.0,0.0,0.0,0.0,0.0,0.0
Hsa-Mir-1-P3_3p,0.0,0.0,0.0,0.0,0.0,0.0,0.0,0.0,0.0,0.0,0.0,0.0,0.0,0.0,0.0,0.0,0.0,0.0
Hsa-Mir-1-P3_5p*,0.0,0.0,0.0,0.0,0.0,0.0,0.0,0.0,0.0,0.0,0.0,0.0,0.0,0.0,0.0,0.0,0.0,0.0
Hsa-Mir-10-P1a-v1_3p*/10-P1a-v2_3p*,82.0,24.0,136.0,33.0,4.0,31.0,11.0,33.0,22.0,14.0,10.0,7.0,4.0,11.0,17.0,8.0,27.0,11.0
Hsa-Mir-10-P1a-v1_5p/10-P1a-v2_5p,83259.0,34549.0,143134.0,58993.0,12208.0,67716.0,41370.0,68933.0,44936.0,21661.0,20437.0,9833.0,13611.0,39691.0,31623.0,13370.0,36812.0,26457.0
Hsa-Mir-10-P1b-v1_3p*/10-P1b-v2_3p*,3.0,2.0,0.0,0.0,5.0,0.0,0.0,8.0,5.0,0.0,0.0,0.0,0.0,0.0,0.0,0.0,3.0,0.0
Hsa-Mir-10-P1b-v1_5p/10-P1b-v2_5p,10307.0,10910.0,6189.0,7724.0,21369.0,5313.0,26393.0,75837.0,25146.0,1955.0,3322.0,1107.0,2779.0,4305.0,3047.0,3692.0,7978.0,8679.0
Hsa-Mir-10-P2a_3p*,8.0,5.0,0.0,8.0,3.0,12.0,0.0,2.0,0.0,5.0,7.0,0.0,0.0,0.0,7.0,0.0,0.0,0.0
Hsa-Mir-10-P2a_5p,1118.0,672.0,557.0,560.0,402.0,856.0,375.0,548.0,598.0,1287.0,1163.0,721.0,673.0,1973.0,1613.0,109.0,262.0,235.0
Hsa-Mir-10-P2b_3p*,14.0,9.0,3.0,4.0,7.0,6.0,0.0,2.0,0.0,31.0,47.0,11.0,5.0,8.0,20.0,0.0,0.0,3.0
Hsa-Mir-10-P2b_5p,156.0,180.0,70.0,47.0,144.0,137.0,38.0,62.0,118.0,710.0,600.0,385.0,133.0,277.0,293.0,7.0,49.0,37.0
Hsa-Mir-10-P2c_3p*,37.0,7.0,9.0,10.0,5.0,11.0,9.0,7.0,11.0,6.0,0.0,0.0,0.0,41.0,26.0,4.0,11.0,6.0
Hsa-Mir-10-P2c_5p,2126.0,546.0,1080.0,550.0,453.0,1253.0,913.0,927.0,1309.0,1143.0,412.0,660.0,2008.0,4627.0,1865.0,355.0,776.0,504.0
Hsa-Mir-10-P3a_3p*,11.0,6.0,7.0,10.0,0.0,6.0,0.0,6.0,0.0,6.0,4.0,0.0,16.0,14.0,21.0,12.0,7.0,8.0
Hsa-Mir-10-P3a_5p,2793.0,1960.0,2308.0,666.0,446.0,933.0,1972.0,1850.0,1784.0,3867.0,1447.0,2198.0,3931.0,6764.0,2729.0,614.0,1146.0,944.0
Hsa-Mir-10-P3b_3p*,50.0,27.0,31.0,15.0,11.0,33.0,8.0,13.0,22.0,20.0,9.0,14.0,28.0,30.0,21.0,6.0,16.0,22.0
Hsa-Mir-10-P3b_5p/10-P3c_5p,825.0,1194.0,877.0,252.0,149.0,360.0,544.0,602.0,878.0,3392.0,2153.0,2129.0,741.0,1407.0,532.0,133.0,321.0,453.0
Hsa-Mir-10-P3c_3p*,63.0,144.0,57.0,24.0,79.0,45.0,22.0,35.0,36.0,465.0,500.0,282.0,113.0,135.0,96.0,2.0,28.0,31.0
Hsa-Mir-101-P1-v1_3p/101-P1-v2_3p/101-P2-v1_3p/101-P2-v2_3p,2902.0,3943.0,467.0,2088.0,1829.0,3698.0,907.0,1195.0,1188.0,3566.0,9318.0,1771.0,1029.0,1391.0,7489.0,677.0,852.0,1155.0
Hsa-Mir-101-P1-v1_5p*/101-P1-v2_5p*,15.0,11.0,0.0,5.0,2.0,3.0,0.0,0.0,2.0,8.0,14.0,0.0,3.0,0.0,14.0,3.0,0.0,0.0
Hsa-Mir-101-P2-v1_5p*/101-P2-v2_5p*,0.0,0.0,0.0,0.0,0.0,0.0,0.0,0.0,0.0,2.0,2.0,0.0,0.0,0.0,0.0,0.0,0.0,0.0
Hsa-Mir-103-P1_3p/103-P2_3p/103-P3_3p,2045.0,1523.0,2461.0,2113.0,1318.0,2955.0,1559.0,2096.0,898.0,2534.0,1863.0,1409.0,780.0,1696.0,2540.0,910.0,2350.0,1232.0
Hsa-Mir-103-P1_5p*/103-P2_5p*,3.0,0.0,0.0,0.0,0.0,2.0,0.0,3.0,0.0,0.0,0.0,0.0,0.0,0.0,0.0,0.0,0.0,0.0
Hsa-Mir-103-P3_5p*,3.0,0.0,0.0,0.0,0.0,0.0,2.0,0.0,0.0,2.0,0.0,0.0,0.0,0.0,0.0,0.0,4.0,0.0
Hsa-Mir-105-P1_3p*/105-P2_3p*,0.0,0.0,0.0,0.0,0.0,0.0,0.0,0.0,0.0,0.0,0.0,0.0,0.0,0.0,0.0,0.0,0.0,0.0
Hsa-Mir-105-P1_5p/105-P2_5p,0.0,0.0,0.0,0.0,0.0,0.0,0.0,0.0,0.0,0.0,0.0,0.0,0.0,0.0,0.0,0.0,0.0,0.0
Hsa-Mir-1179_3p*,0.0,0.0,0.0,0.0,0.0,0.0,0.0,0.0,0.0,0.0,0.0,0.0,0.0,0.0,0.0,0.0,0.0,0.0
Hsa-Mir-1179_5p,0.0,0.0,0.0,0.0,0.0,0.0,0.0,0.0,0.0,0.0,0.0,0.0,0.0,0.0,2.0,0.0,0.0,0.0
Hsa-Mir-1180_3p,9.0,8.0,10.0,0.0,6.0,3.0,11.0,8.0,10.0,10.0,0.0,7.0,15.0,12.0,7.0,3.0,14.0,6.0
Hsa-Mir-1180_5p*,0.0,0.0,0.0,0.0,0.0,0.0,0.0,0.0,0.0,0.0,0.0,0.0,0.0,0.0,0.0,0.0,0.0,0.0
Hsa-Mir-122_3p*,54.0,10.0,11.0,0.0,0.0,0.0,0.0,0.0,0.0,1196.0,1610.0,470.0,0.0,0.0,0.0,0.0,0.0,0.0
Hsa-Mir-122_5p,1413.0,1840.0,644.0,0.0,0.0,0.0,99.0,75.0,48.0,80458.0,89898.0,88632.0,0.0,0.0,0.0,60.0,103.0,69.0
Hsa-Mir-124-P1-v1_3p/124-P1-v2_3p/124-P2-v1_3p/124-P2-v2_3p/124-P3-v1_3p/124-P3-v2_3p,0.0,0.0,0.0,0.0,0.0,0.0,0.0,0.0,0.0,0.0,0.0,0.0,0.0,0.0,0.0,0.0,0.0,0.0
Hsa-Mir-124-P1-v1_5p*/124-P1-v2_5p*/124-P2-v1_5p*/124-P2-v2_5p*/124-P3-v1_5p*/124-P3-v2_5p*,0.0,0.0,0.0,0.0,0.0,0.0,0.0,0.0,0.0,0.0,0.0,0.0,0.0,0.0,0.0,0.0,0.0,0.0
Hsa-Mir-1245_3p*,0.0,0.0,0.0,0.0,0.0,0.0,0.0,0.0,0.0,0.0,0.0,0.0,0.0,0.0,0.0,0.0,0.0,0.0
Hsa-Mir-1245_5p,0.0,0.0,0.0,0.0,0.0,0.0,0.0,0.0,0.0,0.0,0.0,0.0,0.0,0.0,0.0,0.0,0.0,0.0
Hsa-Mir-1247_3p*,6.0,13.0,29.0,8.0,6.0,4.0,3.0,13.0,0.0,0.0,0.0,0.0,5.0,5.0,3.0,0.0,0.0,3.0
Hsa-Mir-1247_5p,44.0,395.0,377.0,55.0,0.0,0.0,31.0,14.0,7.0,43.0,0.0,0.0,16.0,12.0,0.0,15.0,0.0,12.0
Hsa-Mir-1249_3p,0.0,0.0,6.0,0.0,0.0,0.0,5.0,5.0,0.0,15.0,5.0,6.0,0.0,0.0,0.0,0.0,6.0,4.0
Hsa-Mir-1249_5p*,0.0,0.0,0.0,0.0,0.0,0.0,0.0,0.0,0.0,0.0,0.0,0.0,0.0,0.0,0.0,0.0,0.0,0.0
Hsa-Mir-1251_3p*,0.0,0.0,0.0,0.0,0.0,0.0,0.0,0.0,0.0,0.0,0.0,0.0,0.0,0.0,0.0,0.0,0.0,0.0
Hsa-Mir-1251_5p,0.0,0.0,0.0,0.0,0.0,0.0,0.0,0.0,0.0,0.0,0.0,0.0,0.0,0.0,0.0,0.0,0.0,0.0
Hsa-Mir-1252_3p*,0.0,0.0,0.0,0.0,0.0,0.0,0.0,0.0,0.0,0.0,0.0,0.0,0.0,0.0,0.0,0.0,0.0,0.0
Hsa-Mir-1252_5p,0.0,0.0,0.0,0.0,0.0,0.0,0.0,0.0,0.0,0.0,0.0,0.0,0.0,0.0,0.0,0.0,0.0,0.0
Hsa-Mir-1256_3p*,0.0,0.0,0.0,0.0,0.0,2.0,0.0,0.0,0.0,0.0,0.0,0.0,0.0,0.0,0.0,0.0,0.0,0.0
Hsa-Mir-1256_5p,0.0,0.0,0.0,0.0,0.0,0.0,0.0,0.0,0.0,0.0,0.0,0.0,0.0,0.0,0.0,0.0,0.0,0.0
Hsa-Mir-126-v1_3p/126-v2_3p/126-v3_3p,1520.0,768.0,358.0,1499.0,1115.0,3963.0,552.0,621.0,489.0,1320.0,1680.0,832.0,1933.0,3261.0,7477.0,404.0,706.0,856.0
Hsa-Mir-126-v1_5p/126-v2_5p*/126-v3_5p*,5448.0,2359.0,540.0,3808.0,3589.0,9224.0,1002.0,1339.0,1242.0,3677.0,6041.0,1325.0,4734.0,6991.0,19384.0,1076.0,1182.0,2520.0
Hsa-Mir-1266_3p*,0.0,0.0,0.0,0.0,0.0,0.0,0.0,0.0,0.0,0.0,0.0,0.0,0.0,0.0,0.0,0.0,0.0,0.0
Hsa-Mir-1266_5p,0.0,0.0,0.0,0.0,0.0,0.0,3.0,0.0,0.0,0.0,0.0,0.0,0.0,3.0,0.0,0.0,4.0,0.0
Hsa-Mir-1269_3p,104.0,136.0,0.0,0.0,0.0,20.0,0.0,0.0,0.0,9.0,0.0,0.0,0.0,0.0,0.0,0.0,7.0,0.0
Hsa-Mir-1269_5p*,0.0,0.0,0.0,0.0,0.0,0.0,0.0,0.0,0.0,0.0,0.0,0.0,0.0,0.0,0.0,0.0,0.0,0.0
Hsa-Mir-1270_3p*,0.0,0.0,0.0,0.0,0.0,0.0,0.0,0.0,0.0,0.0,0.0,0.0,0.0,0.0,0.0,0.0,0.0,0.0
Hsa-Mir-1270_5p,3.0,0.0,0.0,0.0,0.0,0.0,0.0,0.0,0.0,0.0,0.0,0.0,0.0,0.0,0.0,0.0,0.0,0.0
Hsa-Mir-1271_3p*,0.0,0.0,0.0,0.0,0.0,0.0,0.0,0.0,0.0,0.0,0.0,0.0,0.0,0.0,0.0,0.0,0.0,0.0
Hsa-Mir-1271_5p,0.0,0.0,0.0,0.0,0.0,0.0,0.0,0.0,0.0,4.0,0.0,0.0,2.0,3.0,0.0,0.0,0.0,0.0
Hsa-Mir-1276_3p*,0.0,0.0,0.0,0.0,0.0,0.0,0.0,0.0,0.0,0.0,0.0,0.0,0.0,0.0,0.0,0.0,0.0,0.0
Hsa-Mir-1276_5p,0.0,0.0,0.0,0.0,4.0,0.0,0.0,0.0,0.0,0.0,0.0,0.0,0.0,0.0,0.0,0.0,0.0,0.0
Hsa-Mir-1277_3p*,0.0,0.0,0.0,0.0,0.0,2.0,0.0,0.0,0.0,0.0,0.0,0.0,0.0,0.0,0.0,3.0,0.0,0.0
Hsa-Mir-1277_5p,12.0,3.0,0.0,3.0,4.0,12.0,0.0,2.0,0.0,0.0,4.0,0.0,0.0,0.0,3.0,0.0,0.0,3.0
Hsa-Mir-1278_3p,0.0,0.0,0.0,0.0,0.0,0.0,0.0,0.0,0.0,0.0,0.0,0.0,0.0,0.0,0.0,0.0,0.0,0.0
Hsa-Mir-1278_5p*,0.0,0.0,0.0,0.0,0.0,0.0,0.0,0.0,0.0,0.0,0.0,0.0,0.0,0.0,0.0,0.0,0.0,0.0
Hsa-Mir-127_3p,3797.0,1004.0,2187.0,17.0,15.0,23.0,960.0,1437.0,1086.0,2149.0,964.0,958.0,5.0,18.0,10.0,484.0,1762.0,1087.0
Hsa-Mir-127_5p*,18.0,7.0,10.0,2.0,5.0,11.0,0.0,7.0,7.0,4.0,3.0,0.0,0.0,0.0,0.0,0.0,3.0,9.0
Hsa-Mir-128-P1_3p/128-P2_3p,183.0,258.0,180.0,53.0,122.0,49.0,79.0,76.0,51.0,127.0,121.0,127.0,47.0,52.0,49.0,54.0,172.0,119.0
Hsa-Mir-128-P1_5p*,0.0,0.0,3.0,4.0,6.0,0.0,3.0,0.0,0.0,4.0,0.0,6.0,5.0,0.0,0.0,7.0,4.0,3.0
Hsa-Mir-128-P2_5p*,0.0,0.0,0.0,0.0,0.0,0.0,0.0,0.0,0.0,0.0,0.0,0.0,0.0,0.0,0.0,0.0,0.0,0.0
Hsa-Mir-1286_3p,0.0,0.0,0.0,0.0,0.0,0.0,0.0,0.0,0.0,0.0,0.0,0.0,0.0,0.0,0.0,0.0,0.0,0.0
Hsa-Mir-1286_5p*,0.0,0.0,0.0,0.0,0.0,0.0,0.0,0.0,0.0,0.0,0.0,0.0,0.0,0.0,0.0,0.0,0.0,0.0
Hsa-Mir-1287_3p*,0.0,0.0,0.0,0.0,0.0,0.0,0.0,0.0,0.0,0.0,0.0,0.0,0.0,0.0,0.0,0.0,0.0,0.0
Hsa-Mir-1287_5p,0.0,4.0,0.0,2.0,4.0,0.0,3.0,2.0,2.0,0.0,0.0,0.0,0.0,2.0,4.0,0.0,0.0,0.0
Hsa-Mir-129-P1_3p*/129-P2_3p*,3.0,0.0,0.0,0.0,0.0,0.0,3.0,2.0,6.0,0.0,0.0,0.0,0.0,0.0,0.0,0.0,0.0,0.0
Hsa-Mir-129-P1_5p/129-P2_5p,0.0,0.0,0.0,0.0,0.0,0.0,2.0,4.0,5.0,0.0,0.0,0.0,0.0,0.0,0.0,2.0,0.0,0.0
Hsa-Mir-1294_3p*,0.0,0.0,0.0,0.0,0.0,0.0,0.0,0.0,0.0,0.0,0.0,0.0,0.0,0.0,0.0,0.0,0.0,0.0
Hsa-Mir-1294_5p,0.0,0.0,0.0,0.0,0.0,0.0,0.0,0.0,0.0,0.0,0.0,0.0,0.0,0.0,0.0,0.0,0.0,0.0
Hsa-Mir-1295_3p,0.0,0.0,0.0,0.0,0.0,0.0,0.0,0.0,0.0,0.0,0.0,0.0,0.0,2.0,0.0,0.0,0.0,0.0
Hsa-Mir-1295_5p*,0.0,0.0,0.0,0.0,0.0,0.0,0.0,0.0,0.0,0.0,0.0,0.0,0.0,0.0,0.0,0.0,0.0,0.0
Hsa-Mir-1296_3p*,0.0,0.0,0.0,0.0,0.0,0.0,0.0,0.0,0.0,0.0,0.0,0.0,0.0,0.0,0.0,0.0,0.0,0.0
Hsa-Mir-1296_5p,18.0,13.0,19.0,12.0,21.0,10.0,21.0,48.0,23.0,22.0,21.0,15.0,0.0,12.0,7.0,17.0,46.0,13.0
Hsa-Mir-1298_3p*,0.0,0.0,0.0,0.0,0.0,0.0,0.0,0.0,0.0,0.0,0.0,0.0,0.0,0.0,0.0,0.0,0.0,0.0
Hsa-Mir-1298_5p,0.0,0.0,0.0,0.0,0.0,0.0,0.0,0.0,0.0,0.0,0.0,0.0,0.0,0.0,3.0,0.0,0.0,0.0
Hsa-Mir-130-P1a_3p,564.0,534.0,182.0,194.0,181.0,249.0,235.0,292.0,239.0,617.0,637.0,297.0,468.0,709.0,946.0,71.0,272.0,223.0
Hsa-Mir-130-P1a_5p*,0.0,0.0,0.0,0.0,0.0,0.0,0.0,0.0,2.0,0.0,0.0,0.0,0.0,0.0,0.0,2.0,0.0,0.0
Hsa-Mir-130-P1b_3p,101.0,63.0,224.0,97.0,166.0,58.0,66.0,68.0,29.0,75.0,80.0,111.0,20.0,14.0,26.0,56.0,129.0,78.0
Hsa-Mir-130-P1b_5p*,12.0,15.0,25.0,4.0,7.0,0.0,10.0,7.0,8.0,9.0,15.0,39.0,3.0,8.0,4.0,8.0,18.0,11.0
Hsa-Mir-130-P2a_3p,263.0,81.0,70.0,65.0,221.0,170.0,41.0,43.0,53.0,35.0,56.0,19.0,39.0,44.0,182.0,41.0,59.0,61.0
Hsa-Mir-130-P2a_5p*,0.0,0.0,0.0,0.0,0.0,0.0,0.0,0.0,0.0,0.0,0.0,0.0,0.0,0.0,0.0,0.0,0.0,2.0
Hsa-Mir-130-P2b_3p,53.0,11.0,22.0,12.0,59.0,20.0,10.0,8.0,3.0,6.0,4.0,7.0,4.0,2.0,7.0,11.0,17.0,18.0
Hsa-Mir-130-P2b_5p*,0.0,0.0,0.0,0.0,0.0,0.0,0.0,0.0,0.0,0.0,0.0,0.0,0.0,0.0,0.0,0.0,0.0,0.0
Hsa-Mir-130-P4a_3p,136.0,60.0,77.0,45.0,110.0,91.0,70.0,106.0,59.0,54.0,33.0,35.0,25.0,47.0,98.0,30.0,103.0,44.0
Hsa-Mir-130-P4a_5p*,4.0,2.0,6.0,2.0,4.0,3.0,4.0,4.0,2.0,0.0,3.0,0.0,3.0,2.0,4.0,0.0,4.0,0.0
Hsa-Mir-1301_3p,19.0,4.0,16.0,0.0,3.0,0.0,4.0,5.0,0.0,6.0,4.0,3.0,9.0,7.0,0.0,0.0,12.0,6.0
Hsa-Mir-1301_5p*,0.0,0.0,0.0,0.0,0.0,0.0,0.0,0.0,0.0,0.0,0.0,0.0,0.0,0.0,0.0,0.0,0.0,0.0
Hsa-Mir-1307_3p,75.0,46.0,166.0,63.0,95.0,61.0,92.0,104.0,44.0,57.0,31.0,51.0,33.0,49.0,42.0,57.0,161.0,63.0
Hsa-Mir-1307_5p,534.0,168.0,57.0,158.0,561.0,371.0,102.0,114.0,51.0,46.0,394.0,26.0,26.0,34.0,277.0,304.0,91.0,112.0
Hsa-Mir-132-P1_3p,130.0,85.0,111.0,86.0,75.0,48.0,136.0,141.0,51.0,59.0,37.0,15.0,37.0,67.0,42.0,85.0,158.0,91.0
Hsa-Mir-132-P1_5p*,6.0,15.0,6.0,2.0,4.0,3.0,6.0,5.0,0.0,3.0,0.0,0.0,0.0,0.0,0.0,4.0,3.0,6.0
Hsa-Mir-132-P2_3p*,18.0,13.0,7.0,5.0,10.0,6.0,9.0,15.0,2.0,4.0,6.0,0.0,0.0,0.0,2.0,9.0,15.0,17.0
Hsa-Mir-132-P2_5p,3.0,0.0,0.0,0.0,2.0,4.0,0.0,2.0,0.0,3.0,0.0,0.0,0.0,0.0,2.0,4.0,2.0,6.0
Hsa-Mir-1323_3p*,0.0,0.0,0.0,0.0,0.0,0.0,0.0,0.0,0.0,0.0,0.0,0.0,0.0,0.0,0.0,0.0,0.0,0.0
Hsa-Mir-1323_5p,0.0,0.0,0.0,0.0,0.0,0.0,0.0,0.0,0.0,0.0,0.0,0.0,0.0,0.0,0.0,0.0,0.0,0.0
Hsa-Mir-133-P1-v1_3p/133-P1-v2_3p/133-P2-v1_3p/133-P2-v2_3p/133-P3-v1_3p/133-P3-v2_3p,37.0,88.0,34.0,4.0,5.0,11.0,131.0,189.0,626.0,11.0,18.0,16.0,43.0,32.0,23.0,26.0,43.0,112.0
Hsa-Mir-133-P1-v1_5p*/133-P1-v2_5p*/133-P2-v1_5p*/133-P2-v2_5p*,0.0,0.0,0.0,0.0,0.0,0.0,0.0,0.0,0.0,0.0,0.0,0.0,0.0,0.0,0.0,0.0,0.0,0.0
Hsa-Mir-133-P3-v1_5p*/133-P3-v2_5p*,0.0,0.0,0.0,0.0,0.0,0.0,0.0,0.0,0.0,0.0,0.0,0.0,0.0,0.0,0.0,0.0,0.0,0.0
Hsa-Mir-1343_3p,0.0,0.0,0.0,0.0,0.0,0.0,0.0,0.0,0.0,2.0,3.0,0.0,4.0,0.0,0.0,0.0,0.0,0.0
Hsa-Mir-1343_5p*,0.0,0.0,0.0,0.0,0.0,0.0,0.0,0.0,0.0,0.0,0.0,0.0,0.0,0.0,0.0,0.0,0.0,0.0
Hsa-Mir-134_3p*,5.0,0.0,0.0,0.0,0.0,0.0,0.0,0.0,0.0,0.0,0.0,0.0,0.0,0.0,0.0,0.0,0.0,0.0
Hsa-Mir-134_5p,43.0,7.0,25.0,0.0,8.0,15.0,16.0,16.0,11.0,17.0,7.0,14.0,0.0,7.0,0.0,0.0,19.0,17.0
Hsa-Mir-135-P1_3p*,0.0,0.0,0.0,0.0,0.0,0.0,0.0,0.0,0.0,0.0,0.0,0.0,0.0,0.0,0.0,0.0,0.0,0.0
Hsa-Mir-135-P1_5p/135-P2_5p,0.0,0.0,0.0,3.0,0.0,0.0,3.0,0.0,3.0,0.0,0.0,0.0,0.0,4.0,10.0,0.0,0.0,0.0
Hsa-Mir-135-P2_3p*,0.0,0.0,0.0,0.0,0.0,0.0,0.0,0.0,0.0,0.0,0.0,0.0,2.0,0.0,0.0,0.0,0.0,0.0
Hsa-Mir-135-P3_3p*,11.0,0.0,0.0,5.0,13.0,12.0,0.0,0.0,0.0,0.0,0.0,0.0,0.0,0.0,0.0,0.0,9.0,3.0
Hsa-Mir-135-P3_5p,136.0,8.0,24.0,122.0,74.0,184.0,0.0,4.0,0.0,0.0,2.0,0.0,3.0,6.0,6.0,15.0,50.0,40.0
Hsa-Mir-136-v1_3p/136-v2_3p,228.0,97.0,24.0,38.0,60.0,74.0,26.0,49.0,47.0,72.0,116.0,43.0,7.0,10.0,44.0,26.0,34.0,59.0
Hsa-Mir-136-v1_5p*/136-v2_5p*,63.0,21.0,3.0,13.0,16.0,17.0,6.0,6.0,7.0,6.0,21.0,4.0,0.0,0.0,12.0,11.0,12.0,15.0
Hsa-Mir-137-P1_3p,0.0,0.0,0.0,0.0,0.0,0.0,0.0,5.0,5.0,0.0,0.0,0.0,0.0,0.0,0.0,0.0,0.0,0.0
Hsa-Mir-137-P1_5p*,0.0,0.0,0.0,0.0,0.0,0.0,0.0,0.0,0.0,0.0,0.0,0.0,0.0,0.0,0.0,0.0,0.0,0.0
Hsa-Mir-138-P1_3p*,0.0,0.0,0.0,0.0,0.0,0.0,4.0,2.0,0.0,0.0,0.0,0.0,3.0,2.0,0.0,0.0,0.0,0.0
Hsa-Mir-138-P1_5p/138-P2_5p,6.0,0.0,2.0,4.0,18.0,13.0,27.0,7.0,5.0,3.0,2.0,4.0,13.0,15.0,47.0,0.0,2.0,0.0
Hsa-Mir-138-P2_3p*,0.0,0.0,0.0,0.0,0.0,0.0,0.0,0.0,0.0,0.0,0.0,0.0,0.0,0.0,0.0,0.0,0.0,0.0
Hsa-Mir-139_3p,0.0,0.0,0.0,0.0,0.0,0.0,0.0,0.0,0.0,0.0,5.0,4.0,4.0,0.0,0.0,0.0,0.0,0.0
Hsa-Mir-139_5p,33.0,12.0,9.0,9.0,3.0,5.0,12.0,35.0,59.0,142.0,98.0,56.0,41.0,70.0,33.0,5.0,7.0,11.0
Hsa-Mir-140-v1_3p/140-v2_3p,534.0,431.0,527.0,365.0,322.0,640.0,353.0,436.0,229.0,468.0,337.0,230.0,524.0,923.0,1028.0,148.0,315.0,235.0
Hsa-Mir-140-v1_5p*/140-v2_5p*,39.0,25.0,5.0,15.0,8.0,30.0,12.0,12.0,8.0,22.0,15.0,3.0,11.0,14.0,37.0,6.0,3.0,12.0
Hsa-Mir-142-P1-v1_3p*/142-P1-v2_3p/142-P1-v3_3p,903.0,166.0,21.0,126.0,99.0,395.0,144.0,67.0,43.0,114.0,226.0,36.0,25.0,30.0,200.0,133.0,79.0,142.0
Hsa-Mir-142-P1-v1_5p/142-P1-v2_5p*/142-P1-v3_5p*,6478.0,1681.0,518.0,1757.0,1173.0,3098.0,2171.0,1285.0,427.0,3250.0,2155.0,871.0,558.0,733.0,2258.0,1543.0,1093.0,1537.0
Hsa-Mir-143_3p,70505.0,99453.0,18757.0,37062.0,27449.0,61046.0,41309.0,68350.0,178234.0,16864.0,18842.0,7767.0,21644.0,58436.0,76772.0,29059.0,41350.0,164213.0
Hsa-Mir-143_5p*,44.0,35.0,16.0,13.0,5.0,18.0,14.0,35.0,80.0,11.0,0.0,0.0,8.0,0.0,14.0,12.0,0.0,57.0
Hsa-Mir-144-v1_3p*/144-v2_3p*,127.0,20.0,0.0,19.0,11.0,54.0,34.0,45.0,56.0,15.0,262.0,38.0,15.0,17.0,585.0,142.0,63.0,18.0
Hsa-Mir-144-v1_5p/144-v2_5p,31.0,13.0,5.0,7.0,9.0,19.0,30.0,43.0,22.0,21.0,87.0,33.0,18.0,20.0,332.0,52.0,38.0,27.0
Hsa-Mir-145_3p*,189.0,229.0,18.0,54.0,36.0,142.0,101.0,142.0,443.0,50.0,91.0,19.0,51.0,162.0,230.0,44.0,70.0,271.0
Hsa-Mir-145_5p,1114.0,526.0,930.0,382.0,205.0,660.0,2424.0,3815.0,10073.0,637.0,341.0,250.0,755.0,3221.0,677.0,368.0,781.0,1014.0
Hsa-Mir-146-P1_3p*,0.0,0.0,0.0,0.0,0.0,0.0,0.0,0.0,0.0,0.0,0.0,0.0,0.0,0.0,0.0,0.0,0.0,0.0
Hsa-Mir-146-P1_5p,280.0,118.0,36.0,1032.0,393.0,1587.0,571.0,255.0,171.0,168.0,48.0,47.0,234.0,475.0,406.0,39.0,184.0,59.0
Hsa-Mir-146-P2_3p*,96.0,35.0,74.0,51.0,41.0,60.0,31.0,7.0,4.0,92.0,112.0,40.0,78.0,160.0,135.0,15.0,28.0,77.0
Hsa-Mir-146-P2_5p,1911.0,209.0,504.0,5352.0,6731.0,9743.0,756.0,835.0,547.0,781.0,494.0,390.0,2477.0,8104.0,15101.0,341.0,602.0,869.0
Hsa-Mir-147-v1_3p/147-v2_3p,16.0,13.0,2.0,23.0,9.0,12.0,25.0,70.0,35.0,0.0,3.0,0.0,0.0,0.0,0.0,35.0,7.0,54.0
Hsa-Mir-147-v1_5p*/147-v2_5p*,0.0,0.0,0.0,0.0,0.0,0.0,0.0,3.0,0.0,0.0,0.0,0.0,0.0,0.0,0.0,0.0,0.0,2.0
Hsa-Mir-148-P1_3p,24340.0,38797.0,5411.0,18653.0,24959.0,25109.0,9546.0,10051.0,5512.0,31307.0,70495.0,20072.0,1934.0,4409.0,10315.0,16403.0,14528.0,7340.0
Hsa-Mir-148-P1_5p*,219.0,348.0,112.0,143.0,347.0,251.0,120.0,104.0,45.0,409.0,625.0,288.0,24.0,53.0,81.0,168.0,208.0,75.0
Hsa-Mir-148-P2_3p,685.0,233.0,188.0,377.0,715.0,553.0,518.0,607.0,413.0,354.0,477.0,176.0,150.0,218.0,404.0,240.0,355.0,325.0
Hsa-Mir-148-P2_5p*,49.0,17.0,9.0,19.0,54.0,25.0,15.0,14.0,3.0,10.0,22.0,11.0,4.0,8.0,14.0,15.0,15.0,19.0
Hsa-Mir-148-P3_3p,201.0,117.0,67.0,67.0,51.0,95.0,141.0,182.0,139.0,0.0,163.0,0.0,68.0,136.0,147.0,32.0,89.0,52.0
Hsa-Mir-148-P3_5p*,3.0,4.0,2.0,3.0,0.0,5.0,0.0,0.0,0.0,4.0,3.0,3.0,0.0,0.0,0.0,0.0,2.0,2.0
Hsa-Mir-149_3p*,0.0,0.0,0.0,0.0,0.0,0.0,0.0,0.0,0.0,0.0,0.0,0.0,0.0,0.0,0.0,0.0,0.0,0.0
Hsa-Mir-149_5p,17.0,17.0,12.0,7.0,2.0,8.0,19.0,24.0,21.0,22.0,10.0,13.0,7.0,7.0,7.0,6.0,15.0,12.0
Hsa-Mir-15-P1a_3p*,0.0,0.0,0.0,0.0,0.0,0.0,0.0,0.0,0.0,0.0,0.0,0.0,0.0,0.0,0.0,0.0,0.0,0.0
Hsa-Mir-15-P1a_5p,336.0,346.0,113.0,167.0,131.0,341.0,255.0,239.0,140.0,183.0,342.0,103.0,97.0,119.0,465.0,159.0,395.0,195.0
Hsa-Mir-15-P1b_3p*,12.0,0.0,5.0,7.0,15.0,16.0,27.0,22.0,5.0,5.0,11.0,0.0,0.0,3.0,11.0,19.0,20.0,11.0
Hsa-Mir-15-P1b_5p,120.0,58.0,101.0,98.0,69.0,138.0,146.0,157.0,81.0,63.0,65.0,24.0,63.0,132.0,140.0,89.0,278.0,100.0
Hsa-Mir-15-P1c_3p*,0.0,0.0,0.0,0.0,0.0,0.0,0.0,0.0,0.0,0.0,0.0,0.0,0.0,0.0,0.0,0.0,0.0,0.0
Hsa-Mir-15-P1c_5p,238.0,253.0,42.0,51.0,53.0,95.0,108.0,127.0,111.0,115.0,272.0,65.0,56.0,101.0,175.0,72.0,60.0,81.0
Hsa-Mir-15-P1d_3p*,31.0,25.0,31.0,7.0,9.0,7.0,3.0,7.0,2.0,40.0,25.0,46.0,14.0,7.0,8.0,5.0,26.0,9.0
Hsa-Mir-15-P1d_5p,357.0,54.0,30.0,71.0,32.0,47.0,12.0,12.0,11.0,97.0,167.0,23.0,0.0,2.0,34.0,16.0,80.0,45.0
Hsa-Mir-15-P2a_3p*,0.0,0.0,0.0,0.0,3.0,0.0,0.0,0.0,0.0,0.0,0.0,0.0,0.0,0.0,0.0,0.0,0.0,0.0
Hsa-Mir-15-P2a_5p/15-P2b_5p,4022.0,3568.0,2994.0,2436.0,1894.0,3965.0,3286.0,4100.0,1806.0,3413.0,3731.0,1762.0,1979.0,2619.0,7055.0,2066.0,6382.0,2479.0
Hsa-Mir-15-P2b_3p*,29.0,23.0,14.0,14.0,23.0,23.0,24.0,20.0,6.0,12.0,36.0,24.0,6.0,11.0,33.0,14.0,28.0,16.0
Hsa-Mir-15-P2c_3p*,17.0,15.0,5.0,3.0,11.0,11.0,6.0,13.0,9.0,19.0,13.0,9.0,20.0,20.0,17.0,0.0,3.0,7.0
Hsa-Mir-15-P2c_5p,464.0,217.0,109.0,205.0,231.0,363.0,432.0,774.0,634.0,345.0,414.0,125.0,199.0,658.0,789.0,140.0,197.0,120.0
Hsa-Mir-15-P2d_3p*,0.0,0.0,0.0,0.0,0.0,0.0,0.0,0.0,0.0,0.0,0.0,0.0,0.0,0.0,0.0,0.0,0.0,0.0
Hsa-Mir-15-P2d_5p,0.0,0.0,0.0,0.0,0.0,0.0,0.0,0.0,0.0,0.0,0.0,0.0,0.0,0.0,0.0,0.0,4.0,0.0
Hsa-Mir-150_3p*,0.0,0.0,0.0,0.0,4.0,0.0,4.0,0.0,0.0,9.0,0.0,0.0,4.0,9.0,0.0,0.0,0.0,0.0
Hsa-Mir-150_5p,1087.0,1092.0,478.0,126.0,112.0,208.0,993.0,245.0,74.0,3448.0,454.0,587.0,598.0,834.0,222.0,297.0,295.0,67.0
Hsa-Mir-153-P1_3p/153-P2_3p,27.0,22.0,2.0,0.0,2.0,28.0,2.0,6.0,0.0,5.0,7.0,0.0,0.0,0.0,0.0,6.0,8.0,0.0
Hsa-Mir-153-P1_5p*,0.0,0.0,0.0,0.0,0.0,0.0,0.0,0.0,0.0,0.0,0.0,0.0,0.0,0.0,0.0,0.0,0.0,0.0
Hsa-Mir-153-P2_5p*,0.0,0.0,0.0,0.0,0.0,0.0,0.0,0.0,0.0,0.0,0.0,0.0,0.0,0.0,0.0,0.0,0.0,0.0
Hsa-Mir-154-P10_3p,12.0,0.0,17.0,3.0,0.0,8.0,0.0,0.0,0.0,0.0,0.0,0.0,0.0,0.0,4.0,0.0,0.0,0.0
Hsa-Mir-154-P10_5p,7.0,0.0,9.0,0.0,3.0,5.0,7.0,10.0,6.0,7.0,2.0,0.0,2.0,5.0,0.0,3.0,9.0,3.0
Hsa-Mir-154-P12_3p,105.0,37.0,34.0,20.0,47.0,39.0,19.0,36.0,17.0,40.0,20.0,14.0,6.0,11.0,16.0,27.0,46.0,35.0
Hsa-Mir-154-P12_5p*,0.0,0.0,0.0,0.0,0.0,0.0,0.0,0.0,0.0,0.0,0.0,0.0,0.0,0.0,0.0,0.0,0.0,0.0
Hsa-Mir-154-P13_3p*,2.0,0.0,0.0,0.0,2.0,0.0,0.0,5.0,0.0,6.0,0.0,0.0,0.0,0.0,0.0,0.0,0.0,0.0
Hsa-Mir-154-P13_5p,292.0,176.0,83.0,62.0,123.0,126.0,63.0,95.0,63.0,201.0,182.0,71.0,16.0,36.0,91.0,46.0,139.0,151.0
Hsa-Mir-154-P14_3p*,0.0,0.0,0.0,0.0,0.0,0.0,0.0,0.0,0.0,0.0,0.0,0.0,0.0,0.0,0.0,0.0,0.0,0.0
Hsa-Mir-154-P14_5p,0.0,0.0,0.0,0.0,0.0,0.0,0.0,0.0,0.0,3.0,0.0,0.0,0.0,0.0,0.0,0.0,0.0,0.0
Hsa-Mir-154-P15_3p*,5.0,3.0,6.0,0.0,0.0,0.0,3.0,4.0,3.0,2.0,2.0,8.0,0.0,0.0,0.0,0.0,3.0,0.0
Hsa-Mir-154-P15_5p,5.0,3.0,5.0,0.0,0.0,4.0,3.0,3.0,0.0,3.0,3.0,10.0,0.0,0.0,0.0,0.0,0.0,0.0
Hsa-Mir-154-P16_3p,6.0,3.0,0.0,0.0,2.0,0.0,0.0,0.0,0.0,0.0,3.0,0.0,0.0,0.0,0.0,0.0,0.0,0.0
Hsa-Mir-154-P16_5p,0.0,0.0,0.0,0.0,0.0,0.0,0.0,0.0,0.0,3.0,0.0,0.0,0.0,0.0,0.0,0.0,0.0,0.0
Hsa-Mir-154-P17_3p,29.0,13.0,9.0,0.0,5.0,4.0,11.0,9.0,2.0,17.0,7.0,6.0,2.0,2.0,4.0,5.0,8.0,12.0
Hsa-Mir-154-P17_5p*,0.0,0.0,0.0,0.0,0.0,0.0,0.0,0.0,0.0,0.0,0.0,0.0,0.0,0.0,0.0,0.0,0.0,0.0
Hsa-Mir-154-P18_3p,5.0,2.0,5.0,0.0,0.0,4.0,3.0,4.0,0.0,6.0,0.0,0.0,0.0,0.0,0.0,3.0,4.0,3.0
Hsa-Mir-154-P18_5p*,0.0,0.0,0.0,0.0,0.0,0.0,0.0,0.0,0.0,0.0,0.0,0.0,0.0,0.0,0.0,0.0,0.0,0.0
Hsa-Mir-154-P19_3p,10.0,0.0,0.0,5.0,3.0,0.0,4.0,6.0,5.0,8.0,0.0,0.0,0.0,0.0,0.0,0.0,4.0,6.0
Hsa-Mir-154-P19_5p*,0.0,0.0,0.0,0.0,0.0,0.0,0.0,0.0,0.0,0.0,0.0,0.0,0.0,0.0,0.0,0.0,0.0,0.0
Hsa-Mir-154-P1_3p,0.0,0.0,0.0,0.0,0.0,0.0,0.0,0.0,0.0,0.0,0.0,0.0,0.0,0.0,0.0,0.0,0.0,0.0
Hsa-Mir-154-P1_5p,11.0,2.0,2.0,0.0,0.0,3.0,2.0,4.0,7.0,3.0,4.0,0.0,0.0,0.0,0.0,0.0,2.0,2.0
Hsa-Mir-154-P2-v1_3p/154-P2-v2_3p*,11.0,7.0,5.0,0.0,4.0,6.0,3.0,2.0,0.0,0.0,3.0,2.0,0.0,0.0,3.0,2.0,3.0,6.0
Hsa-Mir-154-P2-v1_5p*/154-P2-v2_5p,5.0,0.0,0.0,0.0,0.0,0.0,2.0,0.0,0.0,6.0,0.0,0.0,0.0,0.0,0.0,0.0,0.0,4.0
Hsa-Mir-154-P20-v1_3p,0.0,0.0,0.0,0.0,0.0,0.0,0.0,0.0,0.0,0.0,0.0,0.0,0.0,0.0,0.0,0.0,0.0,0.0
Hsa-Mir-154-P20-v1_5p*/154-P20-v2_5p*,0.0,0.0,0.0,0.0,0.0,0.0,0.0,3.0,0.0,0.0,0.0,0.0,0.0,0.0,0.0,0.0,0.0,0.0
Hsa-Mir-154-P20-v2_3p,0.0,0.0,0.0,0.0,0.0,0.0,0.0,0.0,0.0,0.0,0.0,0.0,0.0,0.0,0.0,0.0,0.0,0.0
Hsa-Mir-154-P21_3p,21.0,3.0,0.0,0.0,3.0,5.0,4.0,0.0,15.0,10.0,3.0,0.0,0.0,0.0,0.0,6.0,8.0,9.0
Hsa-Mir-154-P21_5p*,0.0,0.0,2.0,0.0,0.0,0.0,0.0,0.0,0.0,0.0,0.0,0.0,0.0,0.0,0.0,2.0,0.0,0.0
Hsa-Mir-154-P22_3p,4.0,0.0,4.0,2.0,0.0,0.0,0.0,0.0,0.0,0.0,0.0,0.0,0.0,0.0,0.0,0.0,5.0,4.0
Hsa-Mir-154-P22_5p*,0.0,0.0,0.0,0.0,0.0,0.0,0.0,0.0,0.0,0.0,0.0,0.0,0.0,0.0,0.0,0.0,0.0,0.0
Hsa-Mir-154-P23_3p,278.0,103.0,91.0,25.0,36.0,43.0,44.0,48.0,62.0,143.0,89.0,98.0,7.0,14.0,14.0,36.0,63.0,51.0
Hsa-Mir-154-P23_5p*,0.0,0.0,4.0,0.0,0.0,0.0,0.0,0.0,0.0,3.0,0.0,0.0,0.0,0.0,0.0,4.0,0.0,0.0
Hsa-Mir-154-P24_3p,0.0,0.0,0.0,0.0,0.0,2.0,0.0,2.0,0.0,2.0,0.0,0.0,0.0,0.0,0.0,0.0,3.0,0.0
Hsa-Mir-154-P24_5p*,0.0,0.0,0.0,0.0,0.0,0.0,0.0,0.0,0.0,0.0,0.0,0.0,0.0,0.0,0.0,0.0,0.0,0.0
Hsa-Mir-154-P25_3p,7.0,4.0,0.0,0.0,0.0,0.0,0.0,0.0,3.0,0.0,3.0,0.0,0.0,0.0,0.0,0.0,0.0,0.0
Hsa-Mir-154-P25_5p*,0.0,0.0,0.0,0.0,0.0,0.0,0.0,0.0,0.0,0.0,0.0,0.0,0.0,0.0,0.0,0.0,0.0,0.0
Hsa-Mir-154-P26_3p,13.0,3.0,4.0,0.0,3.0,0.0,3.0,0.0,0.0,9.0,4.0,0.0,0.0,0.0,0.0,0.0,3.0,0.0
Hsa-Mir-154-P26_5p*,0.0,0.0,0.0,0.0,0.0,0.0,0.0,0.0,0.0,0.0,0.0,0.0,0.0,0.0,0.0,0.0,0.0,0.0
Hsa-Mir-154-P27_3p,39.0,22.0,4.0,8.0,9.0,14.0,9.0,13.0,9.0,13.0,16.0,4.0,0.0,0.0,8.0,8.0,20.0,19.0
Hsa-Mir-154-P27_5p*,0.0,0.0,0.0,0.0,0.0,0.0,0.0,0.0,0.0,0.0,0.0,0.0,0.0,0.0,0.0,0.0,0.0,0.0
Hsa-Mir-154-P28a_3p/154-P28b_3p,6.0,2.0,2.0,0.0,0.0,0.0,0.0,0.0,0.0,0.0,0.0,0.0,0.0,0.0,0.0,3.0,0.0,0.0
Hsa-Mir-154-P28a_5p*/154-P28b_5p,6.0,0.0,0.0,0.0,0.0,0.0,0.0,0.0,0.0,0.0,0.0,0.0,0.0,0.0,0.0,0.0,0.0,0.0
Hsa-Mir-154-P29_3p,0.0,0.0,0.0,0.0,0.0,0.0,0.0,0.0,0.0,0.0,0.0,0.0,0.0,0.0,0.0,0.0,0.0,0.0
Hsa-Mir-154-P29_5p*,0.0,0.0,0.0,0.0,0.0,0.0,0.0,0.0,0.0,0.0,0.0,0.0,0.0,0.0,0.0,0.0,0.0,0.0
Hsa-Mir-154-P30_3p,0.0,0.0,0.0,0.0,0.0,0.0,0.0,0.0,0.0,0.0,0.0,0.0,0.0,0.0,0.0,0.0,0.0,0.0
Hsa-Mir-154-P30_5p*,0.0,0.0,0.0,0.0,0.0,0.0,0.0,0.0,0.0,0.0,0.0,0.0,0.0,0.0,0.0,0.0,0.0,0.0
Hsa-Mir-154-P36_3p,264.0,104.0,224.0,30.0,40.0,82.0,70.0,74.0,57.0,177.0,64.0,82.0,17.0,24.0,10.0,36.0,115.0,88.0
Hsa-Mir-154-P36_5p*,6.0,0.0,0.0,0.0,0.0,0.0,0.0,0.0,0.0,0.0,0.0,0.0,0.0,0.0,0.0,0.0,0.0,0.0
Hsa-Mir-154-P3a-v1_3p/154-P3a-v2_3p,3.0,0.0,2.0,0.0,0.0,0.0,5.0,2.0,3.0,5.0,0.0,0.0,0.0,0.0,0.0,0.0,3.0,2.0
Hsa-Mir-154-P3a-v1_5p*/154-P3a-v2_5p*,0.0,0.0,0.0,0.0,0.0,0.0,0.0,0.0,0.0,0.0,0.0,0.0,0.0,0.0,0.0,0.0,0.0,0.0
Hsa-Mir-154-P3b_3p,8.0,0.0,7.0,0.0,0.0,0.0,0.0,2.0,2.0,6.0,0.0,3.0,0.0,0.0,0.0,0.0,4.0,0.0
Hsa-Mir-154-P3b_5p*,0.0,0.0,0.0,0.0,0.0,0.0,0.0,0.0,0.0,0.0,0.0,0.0,0.0,0.0,0.0,0.0,0.0,0.0
Hsa-Mir-154-P4a_3p/154-P4b_3p,0.0,0.0,0.0,0.0,0.0,0.0,0.0,0.0,0.0,0.0,0.0,3.0,0.0,0.0,0.0,0.0,0.0,0.0
Hsa-Mir-154-P4a_5p*/154-P4b_5p*,0.0,0.0,0.0,0.0,0.0,0.0,0.0,0.0,0.0,0.0,0.0,0.0,0.0,0.0,0.0,0.0,0.0,0.0
Hsa-Mir-154-P5_3p,24.0,6.0,2.0,3.0,4.0,8.0,5.0,4.0,3.0,0.0,5.0,0.0,0.0,0.0,4.0,0.0,8.0,8.0
Hsa-Mir-154-P5_5p,4.0,8.0,4.0,2.0,4.0,7.0,2.0,4.0,2.0,7.0,6.0,4.0,0.0,0.0,0.0,0.0,6.0,8.0
Hsa-Mir-154-P6_3p,9.0,0.0,0.0,0.0,3.0,0.0,2.0,7.0,4.0,3.0,3.0,5.0,0.0,0.0,0.0,4.0,2.0,4.0
Hsa-Mir-154-P6_5p,5.0,4.0,0.0,0.0,2.0,2.0,7.0,0.0,2.0,4.0,0.0,2.0,0.0,0.0,0.0,0.0,6.0,0.0
Hsa-Mir-154-P7_3p*,3.0,0.0,0.0,0.0,0.0,0.0,0.0,0.0,2.0,0.0,2.0,3.0,0.0,0.0,0.0,0.0,0.0,0.0
Hsa-Mir-154-P7_5p,0.0,0.0,0.0,0.0,2.0,0.0,4.0,4.0,5.0,5.0,0.0,0.0,0.0,0.0,0.0,0.0,2.0,3.0
Hsa-Mir-154-P8_3p,0.0,0.0,0.0,0.0,0.0,0.0,0.0,0.0,2.0,0.0,0.0,0.0,0.0,0.0,0.0,0.0,0.0,0.0
Hsa-Mir-154-P8_5p,0.0,0.0,0.0,0.0,0.0,0.0,0.0,0.0,0.0,0.0,0.0,0.0,0.0,0.0,0.0,0.0,0.0,0.0
Hsa-Mir-154-P9_3p,185.0,113.0,51.0,40.0,98.0,94.0,49.0,96.0,45.0,95.0,93.0,32.0,10.0,21.0,58.0,63.0,88.0,78.0
Hsa-Mir-154-P9_5p*,0.0,0.0,0.0,0.0,0.0,0.0,0.0,0.0,0.0,0.0,0.0,0.0,0.0,0.0,0.0,0.0,0.0,0.0
Hsa-Mir-155_3p*,0.0,0.0,0.0,0.0,0.0,0.0,0.0,0.0,0.0,0.0,0.0,0.0,0.0,0.0,0.0,0.0,0.0,0.0
Hsa-Mir-155_5p,416.0,197.0,211.0,623.0,288.0,505.0,613.0,278.0,135.0,241.0,64.0,69.0,212.0,528.0,338.0,94.0,272.0,205.0
Hsa-Mir-17-P1a_3p*,46.0,46.0,13.0,6.0,27.0,30.0,5.0,5.0,0.0,10.0,49.0,8.0,5.0,6.0,8.0,12.0,46.0,13.0
Hsa-Mir-17-P1a_5p/17-P1b_5p,431.0,220.0,484.0,260.0,508.0,537.0,132.0,190.0,94.0,169.0,191.0,73.0,40.0,73.0,141.0,115.0,1379.0,199.0
Hsa-Mir-17-P1b_3p*,0.0,0.0,0.0,0.0,0.0,0.0,0.0,0.0,0.0,0.0,0.0,0.0,0.0,0.0,0.0,0.0,0.0,0.0
Hsa-Mir-17-P2a_3p*,4.0,11.0,11.0,0.0,3.0,4.0,4.0,4.0,0.0,3.0,0.0,5.0,0.0,0.0,2.0,5.0,31.0,5.0
Hsa-Mir-17-P2a_5p,81.0,15.0,38.0,58.0,187.0,121.0,50.0,78.0,32.0,10.0,19.0,6.0,2.0,7.0,31.0,50.0,414.0,27.0
Hsa-Mir-17-P2b_3p*,0.0,0.0,0.0,0.0,0.0,0.0,0.0,0.0,2.0,0.0,0.0,0.0,0.0,0.0,0.0,0.0,0.0,0.0
Hsa-Mir-17-P2b_5p,0.0,0.0,0.0,0.0,0.0,0.0,0.0,0.0,0.0,0.0,0.0,0.0,0.0,0.0,0.0,0.0,0.0,2.0
Hsa-Mir-17-P3a_3p*,6.0,2.0,5.0,2.0,9.0,6.0,0.0,0.0,3.0,0.0,5.0,0.0,0.0,0.0,4.0,3.0,9.0,0.0
Hsa-Mir-17-P3a_5p,562.0,341.0,530.0,373.0,744.0,566.0,147.0,213.0,106.0,257.0,295.0,95.0,17.0,49.0,162.0,146.0,1522.0,197.0
Hsa-Mir-17-P3b_3p*,0.0,0.0,0.0,0.0,0.0,0.0,0.0,0.0,0.0,0.0,0.0,0.0,0.0,0.0,0.0,0.0,0.0,0.0
Hsa-Mir-17-P3b_5p,4.0,0.0,0.0,0.0,0.0,0.0,7.0,11.0,16.0,7.0,2.0,0.0,3.0,0.0,6.0,0.0,8.0,6.0
Hsa-Mir-17-P4_3p,103.0,169.0,134.0,99.0,101.0,141.0,111.0,116.0,36.0,55.0,54.0,41.0,65.0,91.0,128.0,58.0,201.0,101.0
Hsa-Mir-17-P4_5p,152.0,130.0,90.0,84.0,221.0,171.0,61.0,95.0,66.0,34.0,56.0,20.0,7.0,27.0,100.0,70.0,214.0,83.0
Hsa-Mir-17-P5_3p*,28.0,11.0,37.0,9.0,15.0,15.0,9.0,13.0,5.0,11.0,6.0,16.0,7.0,11.0,6.0,7.0,42.0,6.0
Hsa-Mir-17-P5_5p,901.0,1420.0,1065.0,952.0,1598.0,1242.0,437.0,631.0,315.0,341.0,377.0,193.0,192.0,322.0,635.0,278.0,1653.0,469.0
Hsa-Mir-181-P1a_3p*,185.0,65.0,50.0,96.0,84.0,108.0,52.0,32.0,12.0,88.0,34.0,27.0,79.0,164.0,192.0,20.0,35.0,60.0
Hsa-Mir-181-P1a_5p/181-P1b_5p,17988.0,16072.0,7178.0,16434.0,7489.0,11370.0,6430.0,4701.0,2407.0,7953.0,5714.0,5205.0,33836.0,40856.0,37227.0,2691.0,6488.0,6385.0
Hsa-Mir-181-P1b_3p*,219.0,244.0,153.0,81.0,122.0,118.0,47.0,74.0,42.0,208.0,106.0,104.0,90.0,181.0,125.0,39.0,103.0,47.0
Hsa-Mir-181-P1c_3p*,57.0,208.0,33.0,47.0,147.0,47.0,16.0,10.0,11.0,8.0,17.0,4.0,33.0,38.0,30.0,19.0,56.0,33.0
Hsa-Mir-181-P1c_5p,843.0,2799.0,345.0,606.0,1007.0,591.0,212.0,190.0,178.0,151.0,127.0,65.0,462.0,625.0,945.0,170.0,805.0,437.0
Hsa-Mir-181-P2a_3p*,10.0,0.0,0.0,0.0,0.0,0.0,0.0,0.0,0.0,0.0,0.0,0.0,0.0,0.0,0.0,0.0,0.0,0.0
Hsa-Mir-181-P2a_5p/181-P2b_5p,1496.0,1474.0,542.0,804.0,699.0,1074.0,367.0,342.0,172.0,436.0,220.0,357.0,1604.0,2188.0,1749.0,188.0,691.0,451.0
Hsa-Mir-181-P2b_3p*,0.0,2.0,0.0,0.0,2.0,3.0,0.0,0.0,0.0,0.0,0.0,0.0,0.0,0.0,0.0,0.0,0.0,0.0
Hsa-Mir-181-P2c_3p*,0.0,0.0,0.0,0.0,0.0,0.0,0.0,0.0,0.0,0.0,0.0,0.0,0.0,0.0,0.0,0.0,0.0,0.0
Hsa-Mir-181-P2c_5p,172.0,461.0,65.0,108.0,218.0,105.0,43.0,21.0,29.0,17.0,9.0,24.0,85.0,119.0,76.0,22.0,238.0,48.0
Hsa-Mir-184_3p,0.0,0.0,3.0,0.0,6.0,12.0,2.0,0.0,0.0,0.0,0.0,0.0,118.0,39.0,85.0,0.0,0.0,0.0
Hsa-Mir-184_5p*,0.0,0.0,0.0,0.0,0.0,0.0,0.0,0.0,0.0,0.0,0.0,0.0,0.0,0.0,0.0,0.0,0.0,0.0
Hsa-Mir-185_3p*,2.0,0.0,0.0,0.0,0.0,0.0,0.0,3.0,0.0,0.0,0.0,0.0,0.0,4.0,5.0,3.0,8.0,0.0
Hsa-Mir-185_5p,16.0,8.0,17.0,12.0,17.0,20.0,19.0,15.0,13.0,18.0,16.0,36.0,9.0,13.0,27.0,15.0,29.0,9.0
Hsa-Mir-186_3p*,0.0,0.0,0.0,3.0,0.0,0.0,0.0,0.0,0.0,0.0,0.0,0.0,0.0,0.0,0.0,0.0,0.0,0.0
Hsa-Mir-186_5p,2565.0,1785.0,1276.0,417.0,1773.0,2715.0,1462.0,2193.0,1078.0,1829.0,1844.0,1065.0,951.0,728.0,2623.0,901.0,1953.0,1279.0
Hsa-Mir-187_3p,0.0,0.0,0.0,0.0,0.0,0.0,0.0,0.0,2.0,0.0,0.0,0.0,0.0,3.0,4.0,0.0,0.0,4.0
Hsa-Mir-187_5p*,0.0,0.0,0.0,0.0,0.0,0.0,0.0,0.0,0.0,0.0,0.0,0.0,0.0,0.0,0.0,0.0,0.0,0.0
Hsa-Mir-188-P1_3p*,3.0,0.0,0.0,0.0,0.0,0.0,0.0,0.0,0.0,0.0,0.0,0.0,0.0,0.0,0.0,0.0,0.0,0.0
Hsa-Mir-188-P1_5p,17.0,13.0,10.0,0.0,5.0,12.0,3.0,2.0,0.0,0.0,6.0,0.0,0.0,0.0,8.0,4.0,13.0,12.0
Hsa-Mir-188-P2_3p*,15.0,10.0,57.0,5.0,7.0,10.0,31.0,34.0,14.0,23.0,8.0,14.0,13.0,19.0,8.0,7.0,37.0,11.0
Hsa-Mir-188-P2_5p,388.0,472.0,548.0,408.0,514.0,534.0,257.0,366.0,172.0,203.0,146.0,129.0,98.0,157.0,348.0,144.0,849.0,341.0
Hsa-Mir-188-P3_3p*,0.0,0.0,0.0,0.0,0.0,0.0,0.0,2.0,0.0,0.0,0.0,0.0,0.0,0.0,0.0,0.0,2.0,0.0
Hsa-Mir-188-P3_5p,229.0,172.0,100.0,172.0,202.0,232.0,127.0,151.0,94.0,87.0,103.0,33.0,27.0,62.0,190.0,78.0,223.0,161.0
Hsa-Mir-19-P1_3p,275.0,125.0,62.0,270.0,316.0,425.0,42.0,59.0,58.0,64.0,175.0,34.0,4.0,13.0,91.0,69.0,333.0,83.0
Hsa-Mir-19-P1_5p*,0.0,0.0,0.0,0.0,0.0,0.0,0.0,0.0,0.0,0.0,0.0,0.0,0.0,0.0,0.0,0.0,0.0,0.0
Hsa-Mir-19-P2a_3p/19-P2b_3p,1017.0,820.0,351.0,1268.0,827.0,2197.0,300.0,439.0,295.0,342.0,659.0,139.0,59.0,80.0,466.0,244.0,1286.0,216.0
Hsa-Mir-19-P2a_5p*,0.0,0.0,0.0,0.0,0.0,0.0,0.0,0.0,0.0,0.0,0.0,0.0,0.0,0.0,0.0,0.0,3.0,0.0
Hsa-Mir-19-P2b_5p*,0.0,0.0,0.0,0.0,0.0,0.0,0.0,0.0,0.0,0.0,0.0,0.0,0.0,0.0,0.0,0.0,0.0,0.0
Hsa-Mir-190-P1_3p*,3.0,0.0,0.0,0.0,0.0,3.0,2.0,3.0,0.0,0.0,2.0,0.0,0.0,0.0,0.0,0.0,0.0,0.0
Hsa-Mir-190-P1_5p,24.0,33.0,18.0,9.0,18.0,15.0,42.0,76.0,68.0,10.0,16.0,0.0,0.0,0.0,7.0,36.0,28.0,53.0
Hsa-Mir-190-P2_3p*,0.0,0.0,0.0,0.0,0.0,0.0,0.0,0.0,0.0,0.0,0.0,0.0,0.0,0.0,0.0,0.0,0.0,0.0
Hsa-Mir-190-P2_5p,6.0,0.0,0.0,5.0,0.0,8.0,0.0,0.0,3.0,3.0,0.0,0.0,0.0,4.0,14.0,0.0,0.0,0.0
Hsa-Mir-1908_3p*,0.0,0.0,0.0,0.0,0.0,0.0,0.0,0.0,0.0,0.0,0.0,0.0,0.0,0.0,0.0,0.0,0.0,0.0
Hsa-Mir-1908_5p,0.0,0.0,0.0,0.0,0.0,0.0,0.0,0.0,0.0,0.0,0.0,4.0,0.0,0.0,0.0,0.0,0.0,0.0
Hsa-Mir-191-v1_3p*/191-v2_3p*,2.0,4.0,3.0,0.0,2.0,0.0,2.0,4.0,0.0,6.0,4.0,2.0,0.0,0.0,0.0,0.0,5.0,0.0
Hsa-Mir-191-v1_5p/191-v2_5p,10569.0,6703.0,17720.0,9287.0,20056.0,11775.0,9259.0,12768.0,5679.0,9769.0,5086.0,5887.0,4739.0,10314.0,6355.0,4060.0,19143.0,3348.0
Hsa-Mir-1910_3p,0.0,0.0,0.0,0.0,0.0,0.0,0.0,0.0,0.0,0.0,0.0,0.0,0.0,0.0,0.0,0.0,0.0,0.0
Hsa-Mir-1910_5p*,0.0,0.0,0.0,0.0,0.0,0.0,0.0,0.0,0.0,0.0,0.0,0.0,0.0,0.0,0.0,0.0,0.0,0.0
Hsa-Mir-1911_3p*,0.0,0.0,0.0,0.0,0.0,0.0,0.0,0.0,0.0,0.0,0.0,0.0,0.0,0.0,0.0,0.0,0.0,0.0
Hsa-Mir-1911_5p,0.0,0.0,0.0,0.0,0.0,0.0,0.0,0.0,0.0,0.0,0.0,0.0,0.0,0.0,0.0,0.0,0.0,0.0
Hsa-Mir-1912_3p,0.0,0.0,0.0,0.0,0.0,0.0,0.0,0.0,0.0,0.0,0.0,0.0,0.0,0.0,0.0,0.0,0.0,0.0
Hsa-Mir-1912_5p*,0.0,0.0,0.0,0.0,0.0,0.0,0.0,0.0,0.0,0.0,0.0,0.0,0.0,0.0,0.0,0.0,0.0,0.0
Hsa-Mir-1913_3p*,0.0,0.0,0.0,0.0,0.0,0.0,0.0,0.0,0.0,0.0,0.0,0.0,0.0,0.0,0.0,0.0,0.0,0.0
Hsa-Mir-1913_5p,0.0,0.0,0.0,0.0,0.0,0.0,0.0,0.0,0.0,0.0,0.0,0.0,0.0,0.0,0.0,0.0,0.0,0.0
Hsa-Mir-1914_3p*,0.0,0.0,0.0,0.0,0.0,0.0,0.0,0.0,0.0,0.0,0.0,0.0,0.0,0.0,0.0,0.0,0.0,0.0
Hsa-Mir-1914_5p,0.0,0.0,0.0,0.0,0.0,0.0,0.0,0.0,0.0,0.0,0.0,0.0,0.0,0.0,0.0,0.0,0.0,0.0
Hsa-Mir-1915_3p*,0.0,0.0,0.0,0.0,0.0,0.0,0.0,0.0,0.0,0.0,0.0,0.0,0.0,0.0,0.0,0.0,0.0,0.0
Hsa-Mir-1915_5p,0.0,0.0,0.0,0.0,0.0,0.0,0.0,0.0,0.0,0.0,0.0,0.0,0.0,0.0,0.0,0.0,0.0,0.0
Hsa-Mir-192-P1_3p*,13.0,23.0,25.0,16.0,27.0,4.0,27.0,44.0,22.0,29.0,36.0,7.0,0.0,0.0,0.0,9.0,22.0,12.0
Hsa-Mir-192-P1_5p/192-P2_5p,22406.0,117816.0,54026.0,75953.0,99383.0,41050.0,68397.0,152531.0,68253.0,54376.0,100396.0,35953.0,202.0,250.0,1021.0,52015.0,59446.0,33513.0
Hsa-Mir-192-P2_3p*,0.0,0.0,0.0,0.0,0.0,0.0,0.0,21.0,5.0,0.0,0.0,0.0,0.0,0.0,0.0,34.0,2.0,4.0
Hsa-Mir-193-P1a_3p*,46.0,28.0,13.0,7.0,12.0,21.0,0.0,8.0,18.0,12.0,93.0,9.0,0.0,3.0,20.0,21.0,6.0,19.0
Hsa-Mir-193-P1a_5p,34.0,32.0,178.0,4.0,4.0,5.0,18.0,24.0,32.0,192.0,83.0,442.0,19.0,30.0,10.0,0.0,35.0,21.0
Hsa-Mir-193-P1b_3p,94.0,16.0,212.0,100.0,28.0,32.0,112.0,62.0,97.0,410.0,408.0,224.0,23.0,41.0,35.0,31.0,103.0,90.0
Hsa-Mir-193-P1b_5p,0.0,0.0,4.0,0.0,0.0,0.0,0.0,0.0,0.0,11.0,7.0,19.0,0.0,0.0,0.0,0.0,0.0,2.0
Hsa-Mir-193-P2a-v1_3p/193-P2a-v2_3p/193-P2b_3p,35.0,3.0,84.0,29.0,15.0,23.0,40.0,45.0,83.0,247.0,108.0,135.0,14.0,32.0,39.0,7.0,59.0,18.0
Hsa-Mir-193-P2a-v1_5p/193-P2a-v2_5p,0.0,0.0,2.0,0.0,0.0,0.0,0.0,0.0,0.0,0.0,0.0,6.0,3.0,0.0,2.0,0.0,0.0,0.0
Hsa-Mir-193-P2b_5p*,0.0,0.0,3.0,0.0,0.0,0.0,0.0,0.0,0.0,0.0,3.0,5.0,0.0,0.0,0.0,0.0,0.0,0.0
Hsa-Mir-194-P1_3p*,6.0,34.0,64.0,22.0,24.0,7.0,42.0,81.0,22.0,58.0,34.0,50.0,0.0,0.0,0.0,11.0,42.0,12.0
Hsa-Mir-194-P1_5p/194-P2_5p,1144.0,6410.0,3425.0,1529.0,1827.0,866.0,2510.0,7669.0,2615.0,2793.0,4203.0,1978.0,3.0,10.0,17.0,2658.0,3632.0,1483.0
Hsa-Mir-194-P2_3p*,0.0,0.0,0.0,0.0,0.0,0.0,0.0,6.0,3.0,0.0,0.0,0.0,0.0,0.0,0.0,4.0,2.0,0.0
Hsa-Mir-196-P1_3p*,9.0,0.0,14.0,0.0,0.0,2.0,4.0,10.0,4.0,0.0,0.0,0.0,0.0,0.0,0.0,0.0,13.0,0.0
Hsa-Mir-196-P1_5p/196-P2_5p,84.0,13.0,140.0,82.0,17.0,148.0,185.0,394.0,97.0,0.0,0.0,0.0,0.0,0.0,0.0,34.0,195.0,26.0
Hsa-Mir-196-P2_3p*,0.0,0.0,0.0,0.0,0.0,0.0,0.0,0.0,0.0,0.0,0.0,0.0,0.0,0.0,0.0,0.0,0.0,0.0
Hsa-Mir-196-P3_3p*,0.0,5.0,0.0,5.0,0.0,0.0,0.0,0.0,0.0,0.0,0.0,0.0,0.0,0.0,0.0,0.0,2.0,0.0
Hsa-Mir-196-P3_5p,289.0,1545.0,427.0,1389.0,194.0,172.0,155.0,399.0,131.0,8.0,0.0,13.0,0.0,0.0,0.0,133.0,1015.0,97.0
Hsa-Mir-197_3p,122.0,63.0,352.0,50.0,22.0,29.0,165.0,153.0,114.0,438.0,154.0,397.0,198.0,173.0,64.0,52.0,191.0,114.0
Hsa-Mir-197_5p*,0.0,0.0,0.0,0.0,0.0,0.0,0.0,0.0,0.0,0.0,0.0,0.0,0.0,0.0,0.0,0.0,0.0,0.0
Hsa-Mir-199-P1-v1_3p/199-P1-v2_3p/199-P1-v3_3p/199-P2-v1_3p/199-P2-v2_3p/199-P2-v3_3p/199-P3-v1_3p/199-P3-v2_3p/199-P3-v3_3p,6782.0,8094.0,1159.0,1631.0,1748.0,2099.0,1892.0,2337.0,1490.0,2495.0,3011.0,1264.0,627.0,880.0,1708.0,1132.0,2703.0,2983.0
Hsa-Mir-199-P1-v1_5p*/199-P1-v2_5p*/199-P1-v3_5p*/199-P2-v1_5p*/199-P2-v2_5p*/199-P2-v3_5p*,799.0,720.0,122.0,188.0,153.0,273.0,145.0,149.0,159.0,264.0,389.0,145.0,57.0,113.0,217.0,99.0,154.0,249.0
Hsa-Mir-199-P3-v1_5p*/199-P3-v2_5p*/199-P3-v3_5p*,650.0,96.0,81.0,157.0,216.0,269.0,177.0,253.0,248.0,61.0,42.0,11.0,56.0,102.0,267.0,93.0,218.0,193.0
Hsa-Mir-202_3p,0.0,0.0,0.0,0.0,0.0,0.0,0.0,0.0,0.0,0.0,0.0,0.0,0.0,0.0,0.0,0.0,0.0,0.0
Hsa-Mir-202_5p,0.0,0.0,0.0,0.0,0.0,0.0,0.0,0.0,0.0,0.0,0.0,0.0,0.0,0.0,0.0,0.0,0.0,0.0
Hsa-Mir-203-v1_3p/203-v2_3p,402.0,732.0,1890.0,1029.0,608.0,559.0,420.0,465.0,295.0,100.0,80.0,70.0,326.0,347.0,710.0,354.0,816.0,420.0
Hsa-Mir-203-v1_5p*/203-v2_5p*,0.0,0.0,3.0,0.0,0.0,0.0,0.0,2.0,2.0,0.0,0.0,0.0,0.0,0.0,0.0,0.0,0.0,0.0
Hsa-Mir-204-P1_3p*,0.0,0.0,0.0,0.0,0.0,0.0,0.0,0.0,0.0,0.0,0.0,0.0,0.0,0.0,0.0,0.0,0.0,0.0
Hsa-Mir-204-P1_5p,77.0,98.0,37.0,23.0,3.0,19.0,34.0,37.0,25.0,155.0,95.0,105.0,36.0,34.0,15.0,3.0,13.0,7.0
Hsa-Mir-204-P2_3p*,0.0,0.0,0.0,0.0,0.0,0.0,0.0,0.0,0.0,0.0,0.0,0.0,0.0,0.0,0.0,0.0,0.0,0.0
Hsa-Mir-204-P2_5p,0.0,0.0,0.0,0.0,0.0,0.0,0.0,0.0,0.0,7.0,2.0,4.0,5.0,4.0,0.0,0.0,0.0,0.0
Hsa-Mir-205-P1_3p*,0.0,0.0,0.0,0.0,0.0,0.0,0.0,0.0,0.0,0.0,0.0,0.0,0.0,0.0,0.0,0.0,0.0,0.0
Hsa-Mir-205-P1_5p,0.0,0.0,0.0,19.0,18.0,243.0,0.0,0.0,0.0,0.0,0.0,0.0,60.0,111.0,244.0,0.0,0.0,0.0
Hsa-Mir-208-P1_3p,0.0,0.0,0.0,0.0,0.0,0.0,0.0,0.0,0.0,0.0,0.0,0.0,0.0,0.0,0.0,0.0,0.0,0.0
Hsa-Mir-208-P1_5p*,0.0,0.0,0.0,0.0,0.0,0.0,0.0,0.0,0.0,0.0,0.0,0.0,0.0,0.0,0.0,0.0,0.0,0.0
Hsa-Mir-208-P2_3p,0.0,0.0,0.0,0.0,0.0,0.0,0.0,0.0,0.0,0.0,0.0,0.0,0.0,0.0,0.0,0.0,0.0,0.0
Hsa-Mir-208-P2_5p*,0.0,0.0,0.0,0.0,0.0,0.0,0.0,0.0,0.0,0.0,0.0,0.0,0.0,0.0,0.0,0.0,0.0,0.0
Hsa-Mir-210_3p,246.0,135.0,84.0,539.0,320.0,212.0,67.0,182.0,38.0,41.0,60.0,35.0,31.0,31.0,76.0,128.0,34.0,87.0
Hsa-Mir-210_5p*,4.0,6.0,8.0,3.0,5.0,0.0,2.0,5.0,0.0,11.0,6.0,21.0,0.0,0.0,2.0,9.0,2.0,4.0
Hsa-Mir-2114_3p,3.0,4.0,0.0,0.0,0.0,0.0,0.0,0.0,0.0,0.0,0.0,0.0,0.0,0.0,0.0,0.0,0.0,0.0
Hsa-Mir-2114_5p,0.0,3.0,0.0,0.0,0.0,0.0,0.0,0.0,0.0,0.0,0.0,0.0,0.0,0.0,0.0,0.0,0.0,0.0
Hsa-Mir-2115_3p,0.0,0.0,0.0,0.0,0.0,0.0,0.0,0.0,0.0,0.0,0.0,0.0,0.0,0.0,0.0,0.0,0.0,0.0
Hsa-Mir-2115_5p*,0.0,0.0,0.0,0.0,0.0,0.0,0.0,0.0,0.0,0.0,0.0,0.0,0.0,0.0,0.0,0.0,0.0,0.0
Hsa-Mir-2116_3p,0.0,4.0,4.0,0.0,0.0,0.0,0.0,0.0,0.0,0.0,0.0,9.0,0.0,0.0,0.0,0.0,0.0,0.0
Hsa-Mir-2116_5p*,0.0,0.0,0.0,0.0,0.0,0.0,0.0,0.0,0.0,0.0,0.0,0.0,0.0,0.0,0.0,0.0,0.0,0.0
Hsa-Mir-214_3p,232.0,179.0,196.0,55.0,40.0,71.0,89.0,99.0,102.0,193.0,101.0,116.0,53.0,99.0,30.0,24.0,141.0,93.0
Hsa-Mir-214_5p*,61.0,54.0,9.0,9.0,6.0,11.0,12.0,4.0,13.0,38.0,37.0,10.0,10.0,8.0,4.0,11.0,21.0,31.0
Hsa-Mir-216-P1a_3p*,0.0,0.0,0.0,0.0,0.0,0.0,0.0,0.0,0.0,0.0,0.0,0.0,0.0,0.0,0.0,0.0,0.0,0.0
Hsa-Mir-216-P1a_5p,2.0,0.0,0.0,0.0,0.0,0.0,0.0,0.0,0.0,3.0,0.0,0.0,0.0,0.0,0.0,0.0,0.0,0.0
Hsa-Mir-216-P1b_3p*,0.0,0.0,0.0,0.0,0.0,0.0,0.0,0.0,0.0,0.0,0.0,0.0,0.0,0.0,0.0,0.0,0.0,0.0
Hsa-Mir-216-P1b_5p,0.0,0.0,0.0,0.0,0.0,0.0,0.0,0.0,0.0,0.0,0.0,6.0,0.0,0.0,0.0,0.0,0.0,0.0
Hsa-Mir-217-v1_3p*/217-v2_3p*,0.0,0.0,0.0,0.0,0.0,0.0,0.0,0.0,0.0,0.0,0.0,0.0,0.0,0.0,0.0,0.0,0.0,0.0
Hsa-Mir-217-v1_5p/217-v2_5p,0.0,0.0,0.0,0.0,0.0,0.0,0.0,0.0,0.0,0.0,0.0,0.0,0.0,0.0,0.0,0.0,0.0,0.0
Hsa-Mir-218-P1_3p*,0.0,0.0,0.0,0.0,0.0,0.0,0.0,0.0,0.0,0.0,0.0,0.0,0.0,0.0,0.0,0.0,0.0,0.0
Hsa-Mir-218-P1_5p/218-P2_5p,98.0,29.0,6.0,36.0,27.0,125.0,12.0,17.0,39.0,6.0,9.0,0.0,37.0,89.0,162.0,6.0,7.0,13.0
Hsa-Mir-218-P2_3p*,0.0,0.0,0.0,0.0,0.0,0.0,0.0,0.0,0.0,0.0,0.0,0.0,0.0,0.0,0.0,0.0,0.0,0.0
Hsa-Mir-219-P1_3p*,0.0,2.0,0.0,0.0,0.0,0.0,0.0,4.0,0.0,0.0,0.0,5.0,0.0,0.0,0.0,0.0,0.0,0.0
Hsa-Mir-219-P1_5p/219-P2_5p*,0.0,0.0,0.0,0.0,0.0,0.0,0.0,0.0,0.0,2.0,0.0,0.0,0.0,0.0,0.0,0.0,0.0,0.0
Hsa-Mir-219-P2_3p,0.0,0.0,0.0,0.0,0.0,0.0,0.0,0.0,0.0,0.0,0.0,0.0,0.0,0.0,0.0,0.0,0.0,0.0
Hsa-Mir-21_3p*,2467.0,952.0,427.0,1776.0,2462.0,3583.0,333.0,497.0,294.0,190.0,238.0,65.0,91.0,268.0,554.0,1032.0,1205.0,1818.0
Hsa-Mir-21_5p,77212.0,43284.0,13821.0,37925.0,35946.0,56280.0,8783.0,12070.0,7823.0,7450.0,9256.0,3359.0,1868.0,4199.0,11818.0,19374.0,36543.0,49088.0
Hsa-Mir-22-P1a_3p,37438.0,20398.0,14034.0,9525.0,9052.0,14938.0,8418.0,14481.0,8788.0,43280.0,52024.0,33445.0,6999.0,8857.0,16676.0,9594.0,11875.0,21565.0
Hsa-Mir-22-P1a_5p*,41.0,5.0,8.0,16.0,18.0,22.0,15.0,36.0,15.0,25.0,21.0,18.0,0.0,13.0,19.0,10.0,11.0,20.0
Hsa-Mir-221-P1_3p,1055.0,1234.0,1202.0,996.0,1318.0,1583.0,752.0,1031.0,601.0,176.0,109.0,72.0,584.0,1132.0,1421.0,395.0,2084.0,655.0
Hsa-Mir-221-P1_5p*,13.0,6.0,7.0,6.0,13.0,15.0,9.0,13.0,8.0,7.0,9.0,3.0,10.0,11.0,13.0,7.0,16.0,9.0
Hsa-Mir-221-P2_3p,553.0,1266.0,1254.0,329.0,793.0,527.0,342.0,425.0,234.0,135.0,83.0,100.0,576.0,729.0,499.0,200.0,1215.0,494.0
Hsa-Mir-221-P2_5p*,0.0,0.0,0.0,0.0,0.0,2.0,0.0,0.0,0.0,0.0,0.0,0.0,0.0,0.0,0.0,0.0,0.0,0.0
Hsa-Mir-223_3p,1275.0,55.0,138.0,375.0,62.0,265.0,75.0,64.0,37.0,219.0,133.0,56.0,53.0,79.0,227.0,296.0,413.0,419.0
Hsa-Mir-223_5p*,16.0,0.0,4.0,4.0,0.0,6.0,0.0,0.0,0.0,0.0,0.0,0.0,0.0,4.0,6.0,0.0,10.0,0.0
Hsa-Mir-224_3p*,3.0,0.0,4.0,0.0,0.0,0.0,0.0,2.0,0.0,3.0,0.0,3.0,0.0,0.0,0.0,0.0,4.0,0.0
Hsa-Mir-224_5p,108.0,317.0,294.0,74.0,129.0,92.0,22.0,38.0,20.0,14.0,20.0,60.0,31.0,24.0,33.0,48.0,247.0,110.0
Hsa-Mir-2276_3p,0.0,0.0,0.0,0.0,2.0,0.0,0.0,0.0,0.0,0.0,0.0,0.0,0.0,0.0,0.0,0.0,0.0,0.0
Hsa-Mir-2276_5p*,0.0,0.0,0.0,0.0,0.0,0.0,0.0,0.0,0.0,0.0,0.0,0.0,0.0,0.0,0.0,0.0,0.0,0.0
Hsa-Mir-2277_3p*,0.0,0.0,0.0,0.0,0.0,0.0,0.0,0.0,0.0,0.0,0.0,0.0,0.0,0.0,0.0,0.0,2.0,0.0
Hsa-Mir-2277_5p,0.0,0.0,3.0,0.0,3.0,0.0,0.0,0.0,2.0,3.0,0.0,0.0,0.0,0.0,3.0,0.0,5.0,0.0
Hsa-Mir-2278-v1_3p*/2278-v2_3p*,0.0,0.0,0.0,0.0,0.0,0.0,0.0,0.0,0.0,0.0,0.0,0.0,0.0,0.0,0.0,0.0,0.0,0.0
Hsa-Mir-2278-v1_5p/2278-v2_5p,0.0,0.0,0.0,0.0,0.0,0.0,0.0,0.0,0.0,0.0,0.0,0.0,0.0,0.0,0.0,0.0,0.0,0.0
Hsa-Mir-23-P1_3p,1706.0,1202.0,1240.0,819.0,467.0,912.0,706.0,986.0,805.0,427.0,284.0,169.0,541.0,1458.0,785.0,380.0,1374.0,926.0
Hsa-Mir-23-P1_5p*,0.0,16.0,12.0,3.0,2.0,0.0,0.0,11.0,3.0,2.0,2.0,5.0,0.0,0.0,0.0,2.0,15.0,7.0
Hsa-Mir-23-P2_3p,1580.0,634.0,1055.0,1183.0,590.0,983.0,1544.0,1816.0,1717.0,2105.0,1923.0,1218.0,1355.0,2654.0,1785.0,543.0,1169.0,861.0
Hsa-Mir-23-P2_5p*,0.0,0.0,0.0,0.0,0.0,0.0,0.0,0.0,0.0,0.0,0.0,0.0,0.0,0.0,0.0,0.0,0.0,0.0
Hsa-Mir-2355_3p,0.0,0.0,0.0,0.0,0.0,0.0,0.0,0.0,0.0,0.0,0.0,0.0,0.0,0.0,0.0,0.0,0.0,0.0
Hsa-Mir-2355_5p,4.0,0.0,0.0,0.0,4.0,4.0,0.0,0.0,0.0,2.0,0.0,0.0,0.0,0.0,5.0,0.0,2.0,3.0
Hsa-Mir-24-P1_3p/24-P2_3p,866.0,356.0,463.0,586.0,469.0,940.0,508.0,907.0,598.0,393.0,277.0,139.0,369.0,1019.0,903.0,215.0,760.0,367.0
Hsa-Mir-24-P1_5p*,72.0,57.0,19.0,4.0,12.0,22.0,9.0,10.0,7.0,5.0,11.0,2.0,6.0,17.0,21.0,12.0,16.0,44.0
Hsa-Mir-24-P2_5p*,5.0,5.0,0.0,0.0,0.0,4.0,5.0,3.0,2.0,2.0,8.0,0.0,0.0,3.0,2.0,0.0,0.0,8.0
Hsa-Mir-2467_3p,0.0,0.0,0.0,0.0,0.0,0.0,0.0,0.0,0.0,0.0,0.0,0.0,0.0,0.0,0.0,0.0,0.0,0.0
Hsa-Mir-2467_5p*,3.0,2.0,0.0,5.0,8.0,3.0,3.0,0.0,0.0,0.0,2.0,0.0,0.0,2.0,2.0,0.0,0.0,2.0
Hsa-Mir-26-P1_3p*,0.0,3.0,0.0,0.0,4.0,0.0,0.0,3.0,0.0,3.0,0.0,0.0,0.0,0.0,0.0,0.0,0.0,0.0
Hsa-Mir-26-P1_5p/26-P2_5p,38503.0,56965.0,21263.0,41960.0,18247.0,36409.0,34177.0,62556.0,39871.0,35074.0,37350.0,20687.0,24962.0,54153.0,59004.0,9924.0,18641.0,16649.0
Hsa-Mir-26-P2_3p*,13.0,15.0,4.0,10.0,8.0,6.0,3.0,3.0,5.0,8.0,15.0,0.0,0.0,4.0,2.0,5.0,6.0,3.0
Hsa-Mir-26-P3_3p*,12.0,32.0,10.0,4.0,14.0,18.0,14.0,23.0,2.0,32.0,49.0,16.0,6.0,8.0,18.0,6.0,9.0,7.0
Hsa-Mir-26-P3_5p,3738.0,3418.0,1056.0,2465.0,2830.0,3557.0,2499.0,3187.0,2513.0,4221.0,6332.0,2859.0,1621.0,2653.0,6217.0,1107.0,1803.0,1280.0
Hsa-Mir-2681_3p,0.0,0.0,0.0,0.0,0.0,0.0,0.0,0.0,0.0,0.0,0.0,0.0,0.0,0.0,0.0,0.0,0.0,0.0
Hsa-Mir-2681_5p,0.0,0.0,0.0,0.0,0.0,0.0,0.0,0.0,0.0,0.0,0.0,0.0,0.0,0.0,0.0,0.0,0.0,0.0
Hsa-Mir-27-P1_3p/27-P2_3p,22697.0,23983.0,5510.0,15428.0,14043.0,15931.0,9005.0,12873.0,10601.0,17309.0,31168.0,11922.0,8035.0,13192.0,25045.0,8094.0,13313.0,18323.0
Hsa-Mir-27-P1_5p*,36.0,41.0,17.0,18.0,29.0,17.0,12.0,25.0,15.0,11.0,10.0,3.0,0.0,6.0,19.0,9.0,11.0,36.0
Hsa-Mir-27-P2_5p*,30.0,29.0,17.0,24.0,30.0,37.0,16.0,30.0,15.0,35.0,31.0,28.0,17.0,31.0,33.0,15.0,18.0,19.0
Hsa-Mir-28-P1_3p,2223.0,3014.0,3307.0,2485.0,2233.0,1993.0,2782.0,4141.0,2456.0,4442.0,3111.0,3071.0,1775.0,2556.0,1784.0,1165.0,2150.0,2852.0
Hsa-Mir-28-P1_5p*,293.0,287.0,177.0,158.0,173.0,130.0,347.0,431.0,388.0,314.0,486.0,265.0,96.0,158.0,185.0,124.0,220.0,341.0
Hsa-Mir-28-P2_3p,1585.0,1609.0,2255.0,2478.0,2285.0,2085.0,1235.0,1895.0,1009.0,1904.0,1793.0,1265.0,1741.0,2943.0,2776.0,664.0,2677.0,1416.0
Hsa-Mir-28-P2_5p,1271.0,1284.0,1503.0,627.0,631.0,462.0,760.0,842.0,682.0,1986.0,1838.0,1147.0,593.0,957.0,937.0,386.0,1319.0,963.0
Hsa-Mir-28-P3_3p*,17.0,4.0,0.0,13.0,13.0,19.0,2.0,0.0,0.0,0.0,3.0,0.0,2.0,0.0,8.0,0.0,7.0,7.0
Hsa-Mir-28-P3_5p,45.0,10.0,6.0,24.0,17.0,71.0,4.0,11.0,6.0,0.0,4.0,0.0,4.0,0.0,13.0,6.0,28.0,29.0
Hsa-Mir-29-P1a_3p,2811.0,4227.0,877.0,1346.0,1134.0,2045.0,999.0,1009.0,656.0,1247.0,1644.0,468.0,385.0,435.0,1276.0,779.0,1110.0,1237.0
Hsa-Mir-29-P1a_5p*,9.0,15.0,0.0,4.0,4.0,5.0,3.0,0.0,5.0,4.0,6.0,4.0,0.0,0.0,5.0,0.0,5.0,8.0
Hsa-Mir-29-P1b_3p,442.0,396.0,32.0,163.0,126.0,283.0,202.0,219.0,249.0,236.0,584.0,117.0,97.0,127.0,520.0,181.0,65.0,133.0
Hsa-Mir-29-P1b_5p*,18.0,4.0,10.0,10.0,7.0,13.0,7.0,14.0,14.0,11.0,26.0,9.0,0.0,11.0,18.0,20.0,5.0,8.0
Hsa-Mir-29-P2a_3p/29-P2b-v1_3p/29-P2b-v2_3p,305.0,182.0,64.0,193.0,140.0,392.0,71.0,61.0,72.0,54.0,134.0,18.0,17.0,28.0,178.0,85.0,103.0,65.0
Hsa-Mir-29-P2a_5p*,2.0,3.0,4.0,0.0,3.0,0.0,2.0,4.0,0.0,2.0,0.0,0.0,0.0,0.0,0.0,0.0,2.0,3.0
Hsa-Mir-29-P2b-v1_5p*/29-P2b-v2_5p*,2.0,0.0,0.0,0.0,0.0,2.0,2.0,4.0,3.0,6.0,2.0,0.0,0.0,5.0,2.0,0.0,0.0,0.0
Hsa-Mir-296_3p*,0.0,0.0,0.0,0.0,0.0,0.0,3.0,3.0,0.0,2.0,0.0,0.0,0.0,0.0,0.0,0.0,0.0,0.0
Hsa-Mir-296_5p,3.0,0.0,0.0,2.0,2.0,0.0,5.0,3.0,0.0,6.0,0.0,0.0,0.0,0.0,0.0,0.0,11.0,0.0
Hsa-Mir-30-P1a_3p*,109.0,147.0,36.0,139.0,107.0,330.0,76.0,96.0,130.0,187.0,206.0,120.0,603.0,1174.0,1394.0,11.0,30.0,30.0
Hsa-Mir-30-P1a_5p,2888.0,3692.0,1001.0,2749.0,3305.0,6368.0,1318.0,2002.0,2078.0,4807.0,7965.0,3417.0,11170.0,11842.0,32658.0,744.0,773.0,1190.0
Hsa-Mir-30-P1b_3p*,296.0,199.0,87.0,241.0,166.0,310.0,171.0,279.0,222.0,378.0,602.0,228.0,113.0,255.0,417.0,60.0,138.0,97.0
Hsa-Mir-30-P1b_5p,3303.0,2145.0,853.0,1880.0,2227.0,1938.0,1725.0,2484.0,1774.0,4371.0,7282.0,2195.0,522.0,728.0,2493.0,1272.0,1565.0,1745.0
Hsa-Mir-30-P1c_3p*,40.0,38.0,4.0,29.0,35.0,43.0,7.0,24.0,17.0,32.0,104.0,13.0,33.0,40.0,128.0,21.0,19.0,16.0
Hsa-Mir-30-P1c_5p,2921.0,3329.0,5281.0,5411.0,3408.0,5720.0,3293.0,5210.0,2645.0,8709.0,6339.0,4706.0,11325.0,15783.0,17056.0,1703.0,3356.0,2573.0
Hsa-Mir-30-P2a_3p*,10.0,22.0,2.0,6.0,2.0,12.0,4.0,5.0,7.0,20.0,25.0,16.0,57.0,60.0,47.0,2.0,3.0,0.0
Hsa-Mir-30-P2a_5p/30-P2b_5p/30-P2c_5p,1575.0,2136.0,1194.0,1268.0,919.0,1572.0,1441.0,1978.0,1554.0,4086.0,3814.0,2961.0,1896.0,3097.0,4009.0,606.0,1255.0,789.0
Hsa-Mir-30-P2b_3p*,20.0,15.0,12.0,5.0,8.0,8.0,0.0,6.0,6.0,29.0,23.0,17.0,8.0,9.0,5.0,0.0,4.0,5.0
Hsa-Mir-30-P2c_3p*,0.0,2.0,5.0,2.0,0.0,2.0,0.0,0.0,5.0,10.0,8.0,19.0,8.0,4.0,4.0,0.0,4.0,0.0
Hsa-Mir-3059_3p*,0.0,0.0,0.0,0.0,0.0,0.0,0.0,0.0,0.0,0.0,0.0,0.0,0.0,0.0,0.0,0.0,0.0,0.0
Hsa-Mir-3059_5p,0.0,2.0,0.0,0.0,0.0,0.0,0.0,0.0,0.0,3.0,0.0,0.0,0.0,0.0,0.0,0.0,0.0,0.0
Hsa-Mir-3085_3p,0.0,0.0,0.0,0.0,0.0,0.0,0.0,0.0,0.0,0.0,0.0,0.0,0.0,0.0,0.0,0.0,0.0,0.0
Hsa-Mir-3085_5p*,0.0,0.0,0.0,0.0,0.0,0.0,0.0,0.0,0.0,0.0,0.0,0.0,0.0,0.0,0.0,0.0,0.0,0.0
Hsa-Mir-3121_3p,0.0,0.0,0.0,0.0,0.0,0.0,0.0,0.0,0.0,0.0,0.0,0.0,0.0,0.0,0.0,0.0,0.0,0.0
Hsa-Mir-3121_5p*,0.0,0.0,0.0,0.0,0.0,0.0,0.0,0.0,0.0,0.0,0.0,0.0,0.0,0.0,0.0,0.0,0.0,0.0
Hsa-Mir-3126_3p*,0.0,0.0,0.0,0.0,0.0,0.0,0.0,0.0,0.0,0.0,0.0,0.0,0.0,0.0,0.0,0.0,0.0,0.0
Hsa-Mir-3126_5p,0.0,0.0,0.0,0.0,0.0,0.0,0.0,0.0,0.0,0.0,0.0,0.0,0.0,0.0,0.0,0.0,0.0,0.0
Hsa-Mir-3127_3p*,0.0,0.0,0.0,0.0,0.0,0.0,0.0,0.0,0.0,0.0,0.0,0.0,0.0,0.0,0.0,0.0,0.0,0.0
Hsa-Mir-3127_5p,2.0,0.0,7.0,0.0,0.0,2.0,0.0,0.0,0.0,0.0,0.0,2.0,0.0,2.0,0.0,0.0,2.0,0.0
Hsa-Mir-3130_3p*,0.0,0.0,0.0,0.0,0.0,0.0,0.0,0.0,0.0,0.0,0.0,0.0,0.0,0.0,0.0,0.0,0.0,0.0
Hsa-Mir-3130_5p,0.0,0.0,0.0,0.0,0.0,0.0,0.0,0.0,0.0,0.0,0.0,0.0,0.0,0.0,0.0,0.0,0.0,0.0
Hsa-Mir-3136_3p*,0.0,0.0,0.0,0.0,0.0,0.0,0.0,0.0,0.0,0.0,0.0,0.0,0.0,0.0,0.0,0.0,0.0,0.0
Hsa-Mir-3136_5p,0.0,0.0,0.0,0.0,0.0,0.0,0.0,0.0,0.0,0.0,0.0,0.0,0.0,0.0,0.0,0.0,0.0,0.0
Hsa-Mir-3138_3p,0.0,0.0,0.0,0.0,0.0,0.0,0.0,0.0,0.0,0.0,0.0,0.0,0.0,0.0,0.0,0.0,0.0,0.0
Hsa-Mir-3138_5p*,0.0,0.0,0.0,0.0,0.0,0.0,0.0,0.0,0.0,0.0,0.0,0.0,0.0,0.0,0.0,0.0,0.0,0.0
Hsa-Mir-3140_3p,0.0,0.0,0.0,0.0,0.0,0.0,0.0,0.0,0.0,0.0,0.0,0.0,0.0,0.0,0.0,0.0,0.0,0.0
Hsa-Mir-3140_5p*,0.0,0.0,0.0,0.0,0.0,0.0,0.0,0.0,0.0,0.0,0.0,0.0,0.0,0.0,0.0,0.0,0.0,0.0
Hsa-Mir-3144-v1_3p*/3144-v2_3p*,0.0,0.0,0.0,0.0,0.0,0.0,0.0,0.0,0.0,0.0,0.0,0.0,0.0,0.0,0.0,0.0,0.0,0.0
Hsa-Mir-3144-v1_5p/3144-v2_5p,0.0,0.0,0.0,0.0,0.0,0.0,0.0,0.0,0.0,0.0,0.0,0.0,0.0,0.0,0.0,0.0,0.0,0.0
Hsa-Mir-3145_3p,0.0,0.0,0.0,0.0,0.0,0.0,0.0,0.0,0.0,0.0,3.0,0.0,0.0,0.0,0.0,0.0,0.0,0.0
Hsa-Mir-3145_5p*,0.0,0.0,0.0,0.0,0.0,0.0,0.0,0.0,0.0,0.0,0.0,0.0,0.0,0.0,0.0,0.0,0.0,0.0
Hsa-Mir-3146_3p,0.0,0.0,0.0,0.0,2.0,0.0,0.0,0.0,0.0,0.0,0.0,0.0,0.0,0.0,0.0,0.0,0.0,0.0
Hsa-Mir-3146_5p*,0.0,0.0,0.0,0.0,0.0,0.0,0.0,0.0,0.0,0.0,0.0,0.0,0.0,0.0,0.0,0.0,0.0,0.0
Hsa-Mir-3150_3p,0.0,0.0,0.0,7.0,0.0,0.0,3.0,0.0,0.0,0.0,0.0,0.0,0.0,0.0,0.0,0.0,6.0,0.0
Hsa-Mir-3150_5p*,0.0,0.0,0.0,0.0,0.0,0.0,0.0,0.0,0.0,0.0,0.0,0.0,0.0,0.0,0.0,0.0,0.0,0.0
Hsa-Mir-3163_3p,0.0,0.0,0.0,0.0,0.0,0.0,0.0,0.0,0.0,0.0,0.0,0.0,0.0,0.0,0.0,0.0,0.0,0.0
Hsa-Mir-3163_5p,0.0,0.0,0.0,0.0,0.0,0.0,0.0,0.0,0.0,0.0,0.0,0.0,0.0,0.0,0.0,0.0,0.0,0.0
Hsa-Mir-3164_3p,0.0,0.0,0.0,0.0,0.0,0.0,0.0,0.0,0.0,0.0,0.0,0.0,0.0,0.0,0.0,0.0,0.0,0.0
Hsa-Mir-3164_5p*,0.0,0.0,0.0,0.0,0.0,0.0,0.0,0.0,0.0,0.0,0.0,0.0,0.0,0.0,0.0,0.0,0.0,0.0
Hsa-Mir-3171_3p*,0.0,0.0,0.0,0.0,0.0,0.0,0.0,0.0,0.0,0.0,0.0,0.0,0.0,0.0,0.0,0.0,0.0,0.0
Hsa-Mir-3171_5p,0.0,0.0,0.0,0.0,0.0,0.0,0.0,0.0,0.0,0.0,0.0,0.0,0.0,0.0,0.0,0.0,0.0,0.0
Hsa-Mir-3173_3p*,0.0,0.0,0.0,0.0,0.0,0.0,0.0,0.0,0.0,0.0,0.0,0.0,0.0,0.0,0.0,0.0,0.0,0.0
Hsa-Mir-3173_5p,0.0,0.0,0.0,0.0,0.0,0.0,0.0,0.0,0.0,0.0,0.0,0.0,0.0,0.0,0.0,0.0,0.0,0.0
Hsa-Mir-3174_3p*,0.0,0.0,0.0,0.0,0.0,0.0,0.0,0.0,0.0,0.0,0.0,0.0,0.0,0.0,0.0,0.0,0.0,0.0
Hsa-Mir-3174_5p,0.0,0.0,0.0,10.0,0.0,0.0,0.0,0.0,0.0,0.0,0.0,0.0,0.0,2.0,0.0,0.0,0.0,0.0
Hsa-Mir-3179-P1_3p/3179-P2_3p/3179-P3_3p/3179-P4_3p,0.0,0.0,0.0,0.0,0.0,0.0,0.0,0.0,0.0,0.0,0.0,0.0,0.0,0.0,0.0,0.0,0.0,0.0
Hsa-Mir-3179-P1_5p*/3179-P2_5p*/3179-P3_5p*/3179-P4_5p*,0.0,0.0,0.0,0.0,0.0,0.0,0.0,0.0,0.0,0.0,0.0,0.0,0.0,0.0,0.0,0.0,0.0,0.0
Hsa-Mir-3180-P1_3p/3180-P2_3p/3180-P3_3p,0.0,0.0,0.0,0.0,6.0,0.0,0.0,0.0,0.0,0.0,0.0,0.0,0.0,0.0,0.0,27.0,0.0,0.0
Hsa-Mir-3180-P1_5p/3180-P2_5p/3180-P3_5p,0.0,0.0,0.0,0.0,0.0,0.0,0.0,0.0,0.0,0.0,0.0,0.0,0.0,0.0,0.0,6.0,0.0,0.0
Hsa-Mir-3186_3p,0.0,0.0,0.0,0.0,0.0,0.0,0.0,0.0,0.0,0.0,0.0,0.0,0.0,0.0,0.0,0.0,0.0,0.0
Hsa-Mir-3186_5p*,0.0,0.0,0.0,0.0,0.0,0.0,0.0,0.0,0.0,0.0,0.0,0.0,0.0,0.0,0.0,0.0,0.0,0.0
Hsa-Mir-3187_3p,0.0,0.0,0.0,0.0,0.0,0.0,0.0,0.0,0.0,0.0,0.0,0.0,0.0,0.0,0.0,0.0,0.0,0.0
Hsa-Mir-3187_5p*,0.0,0.0,0.0,0.0,0.0,0.0,0.0,0.0,0.0,0.0,0.0,0.0,0.0,0.0,0.0,0.0,0.0,0.0
Hsa-Mir-3194_3p,0.0,0.0,0.0,0.0,0.0,0.0,0.0,0.0,0.0,0.0,0.0,0.0,0.0,0.0,0.0,0.0,0.0,0.0
Hsa-Mir-3194_5p,0.0,0.0,0.0,0.0,0.0,0.0,0.0,0.0,0.0,0.0,0.0,0.0,0.0,0.0,0.0,0.0,0.0,0.0
Hsa-Mir-31_3p*,0.0,0.0,0.0,0.0,0.0,20.0,0.0,0.0,0.0,0.0,0.0,0.0,0.0,0.0,0.0,0.0,0.0,3.0
Hsa-Mir-31_5p,107.0,7.0,5.0,113.0,5.0,1018.0,3.0,4.0,0.0,7.0,2.0,0.0,4.0,10.0,37.0,23.0,12.0,251.0
Hsa-Mir-3200_3p,2.0,0.0,0.0,3.0,0.0,0.0,0.0,0.0,0.0,0.0,0.0,2.0,0.0,0.0,2.0,0.0,3.0,0.0
Hsa-Mir-3200_5p*,0.0,0.0,0.0,0.0,0.0,0.0,0.0,2.0,0.0,0.0,0.0,0.0,0.0,0.0,0.0,0.0,0.0,0.0
Hsa-Mir-324_3p*,12.0,4.0,12.0,0.0,12.0,10.0,18.0,9.0,5.0,15.0,9.0,3.0,0.0,14.0,8.0,4.0,7.0,9.0
Hsa-Mir-324_5p,35.0,15.0,37.0,12.0,26.0,21.0,27.0,48.0,15.0,17.0,20.0,5.0,20.0,23.0,29.0,17.0,26.0,16.0
Hsa-Mir-325_3p,0.0,0.0,0.0,0.0,0.0,0.0,0.0,0.0,0.0,0.0,0.0,0.0,0.0,0.0,0.0,0.0,0.0,0.0
Hsa-Mir-325_5p*,0.0,0.0,0.0,0.0,0.0,0.0,0.0,0.0,0.0,0.0,0.0,0.0,0.0,0.0,0.0,0.0,0.0,0.0
Hsa-Mir-326_3p,0.0,0.0,0.0,0.0,0.0,0.0,0.0,0.0,16.0,0.0,0.0,0.0,0.0,43.0,0.0,9.0,0.0,0.0
Hsa-Mir-326_5p*,0.0,0.0,0.0,0.0,0.0,0.0,0.0,0.0,0.0,0.0,0.0,0.0,0.0,0.0,0.0,0.0,0.0,0.0
Hsa-Mir-328_3p,22.0,44.0,27.0,6.0,0.0,3.0,26.0,17.0,31.0,63.0,26.0,73.0,78.0,53.0,9.0,0.0,0.0,10.0
Hsa-Mir-328_5p*,0.0,0.0,0.0,0.0,0.0,0.0,0.0,0.0,0.0,0.0,0.0,0.0,0.0,0.0,0.0,0.0,0.0,0.0
Hsa-Mir-32_3p*,0.0,5.0,0.0,0.0,4.0,0.0,3.0,0.0,0.0,0.0,3.0,0.0,0.0,0.0,2.0,5.0,0.0,2.0
Hsa-Mir-32_5p,58.0,41.0,5.0,7.0,15.0,27.0,9.0,12.0,16.0,14.0,37.0,4.0,6.0,5.0,48.0,11.0,14.0,16.0
Hsa-Mir-33-P1_3p*,5.0,0.0,0.0,5.0,3.0,4.0,0.0,3.0,0.0,0.0,7.0,3.0,0.0,0.0,4.0,0.0,3.0,0.0
Hsa-Mir-33-P1_5p,11.0,6.0,3.0,10.0,4.0,7.0,0.0,0.0,0.0,0.0,8.0,0.0,0.0,0.0,5.0,5.0,5.0,5.0
Hsa-Mir-33-P2_3p*,5.0,0.0,0.0,0.0,4.0,0.0,0.0,3.0,0.0,8.0,11.0,0.0,0.0,0.0,0.0,0.0,5.0,3.0
Hsa-Mir-33-P2_5p,26.0,13.0,0.0,8.0,19.0,7.0,0.0,3.0,4.0,6.0,31.0,4.0,0.0,0.0,15.0,12.0,3.0,15.0
Hsa-Mir-330-v1_3p/330-v2_3p,0.0,7.0,9.0,0.0,0.0,3.0,4.0,0.0,0.0,0.0,0.0,2.0,0.0,3.0,0.0,6.0,0.0,0.0
Hsa-Mir-330-v1_5p*/330-v2_5p*,33.0,15.0,2.0,0.0,10.0,11.0,15.0,3.0,2.0,0.0,10.0,0.0,0.0,0.0,3.0,11.0,11.0,5.0
Hsa-Mir-331_3p,130.0,27.0,131.0,18.0,65.0,40.0,123.0,106.0,107.0,125.0,76.0,59.0,75.0,94.0,53.0,37.0,121.0,48.0
Hsa-Mir-331_5p*,0.0,4.0,3.0,4.0,5.0,3.0,0.0,6.0,0.0,3.0,0.0,0.0,0.0,2.0,4.0,0.0,0.0,0.0
Hsa-Mir-335_3p*,520.0,272.0,233.0,304.0,466.0,251.0,67.0,115.0,54.0,112.0,89.0,40.0,30.0,58.0,116.0,78.0,260.0,150.0
Hsa-Mir-335_5p,347.0,206.0,116.0,80.0,145.0,97.0,37.0,59.0,38.0,164.0,89.0,83.0,51.0,85.0,194.0,18.0,79.0,33.0
Hsa-Mir-337_3p,9.0,7.0,3.0,0.0,5.0,4.0,2.0,6.0,3.0,5.0,7.0,0.0,0.0,2.0,2.0,0.0,8.0,0.0
Hsa-Mir-337_5p*,0.0,0.0,0.0,0.0,0.0,2.0,0.0,0.0,0.0,0.0,0.0,0.0,0.0,0.0,0.0,0.0,0.0,0.0
Hsa-Mir-338-P1_3p,59.0,113.0,5.0,27.0,94.0,106.0,88.0,94.0,156.0,15.0,33.0,17.0,77.0,89.0,381.0,21.0,19.0,46.0
Hsa-Mir-338-P1_5p*,3.0,0.0,3.0,3.0,8.0,7.0,7.0,11.0,14.0,5.0,6.0,0.0,11.0,9.0,21.0,0.0,5.0,0.0
Hsa-Mir-339_3p,58.0,136.0,80.0,22.0,66.0,30.0,44.0,28.0,15.0,44.0,57.0,15.0,24.0,12.0,37.0,18.0,92.0,33.0
Hsa-Mir-339_5p,47.0,52.0,67.0,27.0,67.0,41.0,33.0,39.0,18.0,31.0,15.0,6.0,8.0,16.0,25.0,14.0,64.0,20.0
Hsa-Mir-34-P1_3p*,3.0,0.0,0.0,2.0,0.0,0.0,0.0,0.0,0.0,0.0,0.0,0.0,0.0,0.0,0.0,0.0,0.0,0.0
Hsa-Mir-34-P1_5p,232.0,75.0,59.0,87.0,83.0,147.0,107.0,134.0,156.0,67.0,88.0,53.0,42.0,120.0,201.0,16.0,133.0,69.0
Hsa-Mir-34-P2a_3p*,2.0,0.0,0.0,2.0,0.0,9.0,0.0,0.0,0.0,0.0,0.0,0.0,26.0,35.0,31.0,0.0,0.0,0.0
Hsa-Mir-34-P2a_5p,15.0,0.0,0.0,17.0,13.0,61.0,0.0,0.0,0.0,0.0,0.0,0.0,15.0,18.0,118.0,0.0,0.0,0.0
Hsa-Mir-34-P2b_3p*,0.0,0.0,0.0,0.0,0.0,9.0,0.0,0.0,0.0,0.0,0.0,0.0,29.0,35.0,42.0,3.0,0.0,2.0
Hsa-Mir-34-P2b_5p,145.0,13.0,5.0,81.0,59.0,436.0,5.0,11.0,11.0,0.0,0.0,0.0,156.0,266.0,1169.0,0.0,3.0,19.0
Hsa-Mir-34-P3a_3p*,0.0,0.0,0.0,0.0,0.0,0.0,0.0,0.0,0.0,0.0,0.0,0.0,0.0,0.0,0.0,0.0,0.0,0.0
Hsa-Mir-34-P3a_5p/34-P3b_5p,0.0,0.0,0.0,5.0,5.0,28.0,0.0,0.0,0.0,0.0,0.0,0.0,7.0,13.0,32.0,0.0,0.0,0.0
Hsa-Mir-34-P3b_3p*,0.0,0.0,0.0,0.0,0.0,0.0,0.0,0.0,0.0,0.0,0.0,0.0,0.0,0.0,0.0,0.0,0.0,0.0
Hsa-Mir-34-P3c_3p*,0.0,0.0,0.0,0.0,0.0,0.0,0.0,0.0,0.0,0.0,0.0,0.0,0.0,0.0,0.0,0.0,0.0,0.0
Hsa-Mir-34-P3c_5p,0.0,0.0,0.0,0.0,3.0,15.0,0.0,0.0,0.0,0.0,0.0,0.0,4.0,19.0,10.0,0.0,0.0,0.0
Hsa-Mir-340_3p*,13.0,12.0,2.0,4.0,4.0,0.0,3.0,8.0,4.0,7.0,23.0,12.0,0.0,3.0,7.0,0.0,7.0,5.0
Hsa-Mir-340_5p,472.0,158.0,95.0,296.0,350.0,376.0,131.0,195.0,120.0,262.0,737.0,193.0,91.0,245.0,451.0,110.0,204.0,174.0
Hsa-Mir-342_3p,299.0,98.0,150.0,136.0,118.0,439.0,481.0,327.0,154.0,345.0,104.0,174.0,176.0,655.0,393.0,51.0,209.0,54.0
Hsa-Mir-342_5p*,8.0,12.0,6.0,0.0,0.0,0.0,12.0,3.0,3.0,18.0,3.0,14.0,11.0,11.0,7.0,0.0,4.0,4.0
Hsa-Mir-345_3p*,0.0,0.0,0.0,0.0,0.0,0.0,0.0,0.0,0.0,0.0,0.0,0.0,0.0,0.0,0.0,0.0,0.0,0.0
Hsa-Mir-345_5p,158.0,110.0,92.0,39.0,65.0,65.0,52.0,52.0,20.0,95.0,104.0,64.0,37.0,33.0,57.0,73.0,180.0,45.0
Hsa-Mir-346_3p*,0.0,0.0,0.0,0.0,0.0,0.0,0.0,0.0,0.0,0.0,0.0,0.0,0.0,0.0,0.0,0.0,0.0,0.0
Hsa-Mir-346_5p,0.0,0.0,0.0,0.0,0.0,0.0,0.0,0.0,0.0,0.0,0.0,0.0,0.0,0.0,0.0,0.0,0.0,0.0
Hsa-Mir-3605_3p,0.0,19.0,8.0,0.0,0.0,0.0,0.0,3.0,0.0,7.0,4.0,10.0,4.0,6.0,0.0,0.0,5.0,3.0
Hsa-Mir-3605_5p,3.0,0.0,2.0,0.0,0.0,0.0,0.0,0.0,0.0,3.0,0.0,2.0,3.0,3.0,0.0,0.0,0.0,2.0
Hsa-Mir-361-v1_3p*/361-v2_3p,103.0,163.0,115.0,38.0,48.0,45.0,95.0,101.0,49.0,222.0,118.0,110.0,97.0,73.0,77.0,48.0,101.0,97.0
Hsa-Mir-361-v1_5p/361-v2_5p*,174.0,131.0,212.0,89.0,105.0,88.0,109.0,160.0,87.0,234.0,103.0,94.0,72.0,160.0,119.0,44.0,142.0,58.0
Hsa-Mir-3611_3p,0.0,0.0,0.0,0.0,0.0,0.0,0.0,0.0,0.0,0.0,2.0,0.0,0.0,0.0,0.0,0.0,0.0,0.0
Hsa-Mir-3611_5p*,0.0,0.0,0.0,0.0,0.0,0.0,0.0,0.0,0.0,0.0,0.0,0.0,0.0,0.0,0.0,0.0,0.0,0.0
Hsa-Mir-3612_3p*,0.0,0.0,0.0,0.0,0.0,0.0,0.0,0.0,0.0,0.0,0.0,0.0,0.0,0.0,0.0,0.0,0.0,0.0
Hsa-Mir-3612_5p,0.0,0.0,0.0,0.0,0.0,0.0,0.0,0.0,0.0,0.0,0.0,0.0,0.0,0.0,0.0,0.0,0.0,0.0
Hsa-Mir-3613_3p*,4.0,0.0,3.0,4.0,6.0,0.0,6.0,0.0,0.0,7.0,3.0,2.0,0.0,6.0,4.0,0.0,10.0,0.0
Hsa-Mir-3613_5p,48.0,4.0,0.0,12.0,12.0,37.0,2.0,7.0,10.0,3.0,23.0,0.0,3.0,0.0,23.0,8.0,15.0,16.0
Hsa-Mir-3614_3p*,0.0,0.0,0.0,0.0,0.0,0.0,0.0,0.0,0.0,0.0,2.0,0.0,0.0,0.0,0.0,0.0,0.0,0.0
Hsa-Mir-3614_5p,2.0,0.0,0.0,0.0,2.0,4.0,0.0,0.0,0.0,2.0,0.0,0.0,3.0,0.0,6.0,3.0,0.0,4.0
Hsa-Mir-3617_3p*,0.0,0.0,0.0,0.0,0.0,0.0,0.0,0.0,0.0,0.0,0.0,0.0,0.0,0.0,0.0,0.0,0.0,0.0
Hsa-Mir-3617_5p,0.0,0.0,0.0,0.0,0.0,4.0,0.0,0.0,0.0,0.0,0.0,0.0,0.0,0.0,0.0,0.0,0.0,0.0
Hsa-Mir-3619_3p*,0.0,0.0,0.0,0.0,0.0,0.0,0.0,0.0,0.0,0.0,0.0,0.0,0.0,0.0,0.0,0.0,0.0,0.0
Hsa-Mir-3619_5p,0.0,0.0,0.0,0.0,0.0,0.0,0.0,0.0,0.0,0.0,0.0,0.0,0.0,0.0,0.0,0.0,0.0,0.0
Hsa-Mir-362-P1_3p*,6.0,6.0,0.0,3.0,0.0,5.0,0.0,0.0,0.0,0.0,2.0,0.0,0.0,0.0,0.0,2.0,0.0,4.0
Hsa-Mir-362-P1_5p,25.0,11.0,42.0,21.0,16.0,7.0,13.0,54.0,32.0,17.0,14.0,3.0,9.0,10.0,15.0,4.0,66.0,10.0
Hsa-Mir-362-P2_3p/362-P4_3p,152.0,115.0,290.0,69.0,267.0,157.0,117.0,162.0,86.0,133.0,84.0,85.0,65.0,133.0,120.0,54.0,373.0,139.0
Hsa-Mir-362-P2_5p*/362-P5_5p,6.0,3.0,9.0,0.0,4.0,3.0,2.0,14.0,5.0,3.0,2.0,0.0,0.0,0.0,2.0,0.0,16.0,0.0
Hsa-Mir-362-P3_3p,28.0,9.0,43.0,8.0,32.0,30.0,17.0,37.0,15.0,24.0,8.0,16.0,14.0,57.0,20.0,8.0,55.0,22.0
Hsa-Mir-362-P3_5p*,3.0,0.0,6.0,2.0,3.0,0.0,3.0,9.0,2.0,3.0,0.0,0.0,3.0,3.0,0.0,3.0,13.0,3.0
Hsa-Mir-362-P4_5p*,5.0,0.0,0.0,0.0,2.0,3.0,3.0,4.0,0.0,3.0,4.0,0.0,3.0,0.0,4.0,0.0,3.0,5.0
Hsa-Mir-362-P5_3p*,0.0,0.0,0.0,0.0,0.0,0.0,0.0,0.0,0.0,0.0,0.0,0.0,0.0,0.0,0.0,0.0,0.0,0.0
Hsa-Mir-3622_3p*,0.0,0.0,0.0,0.0,0.0,0.0,0.0,0.0,0.0,0.0,0.0,0.0,0.0,0.0,0.0,0.0,0.0,0.0
Hsa-Mir-3622_5p,0.0,0.0,0.0,0.0,0.0,0.0,0.0,0.0,0.0,0.0,0.0,0.0,2.0,0.0,0.0,0.0,0.0,0.0
Hsa-Mir-3663_3p,0.0,0.0,0.0,0.0,0.0,0.0,0.0,0.0,0.0,0.0,0.0,0.0,0.0,0.0,0.0,0.0,0.0,0.0
Hsa-Mir-3663_5p*,0.0,0.0,0.0,0.0,0.0,0.0,0.0,0.0,0.0,0.0,0.0,0.0,0.0,0.0,0.0,0.0,0.0,0.0
Hsa-Mir-3667_3p*,0.0,0.0,0.0,0.0,0.0,0.0,0.0,0.0,0.0,0.0,0.0,0.0,0.0,0.0,0.0,0.0,0.0,0.0
Hsa-Mir-3667_5p,0.0,0.0,0.0,0.0,0.0,0.0,0.0,0.0,0.0,0.0,0.0,0.0,0.0,0.0,0.0,0.0,0.0,0.0
Hsa-Mir-3681_3p*,0.0,0.0,0.0,0.0,0.0,0.0,0.0,0.0,0.0,0.0,0.0,0.0,0.0,0.0,0.0,0.0,0.0,0.0
Hsa-Mir-3681_5p,0.0,0.0,0.0,0.0,0.0,0.0,0.0,0.0,0.0,0.0,0.0,0.0,0.0,0.0,0.0,0.0,0.0,0.0
Hsa-Mir-3690_3p*,0.0,0.0,0.0,0.0,0.0,0.0,0.0,0.0,0.0,0.0,0.0,0.0,0.0,0.0,0.0,0.0,0.0,0.0
Hsa-Mir-3690_5p,0.0,0.0,0.0,0.0,0.0,0.0,2.0,0.0,0.0,2.0,0.0,0.0,0.0,0.0,2.0,0.0,0.0,0.0
Hsa-Mir-370_3p,11.0,8.0,0.0,0.0,0.0,0.0,0.0,0.0,0.0,6.0,0.0,0.0,0.0,0.0,0.0,0.0,6.0,0.0
Hsa-Mir-370_5p*,0.0,2.0,0.0,0.0,0.0,0.0,0.0,0.0,0.0,0.0,0.0,0.0,0.0,0.0,0.0,0.0,3.0,0.0
Hsa-Mir-374-P1_3p,148.0,135.0,15.0,97.0,187.0,131.0,14.0,33.0,45.0,57.0,139.0,25.0,5.0,14.0,103.0,23.0,42.0,76.0
Hsa-Mir-374-P1_5p,94.0,78.0,18.0,64.0,66.0,87.0,42.0,58.0,62.0,67.0,91.0,25.0,18.0,29.0,68.0,32.0,44.0,40.0
Hsa-Mir-374-P2_3p*,7.0,10.0,0.0,5.0,16.0,12.0,0.0,0.0,0.0,8.0,4.0,2.0,0.0,0.0,3.0,3.0,0.0,4.0
Hsa-Mir-374-P2_5p,60.0,85.0,70.0,100.0,84.0,88.0,53.0,105.0,91.0,89.0,55.0,30.0,35.0,65.0,75.0,23.0,59.0,19.0
Hsa-Mir-375_3p,4127.0,8569.0,1787.0,1843.0,1082.0,1016.0,12526.0,15003.0,6060.0,911.0,2441.0,1154.0,970.0,1043.0,1217.0,4462.0,3676.0,983.0
Hsa-Mir-375_5p*,0.0,0.0,0.0,0.0,0.0,0.0,4.0,2.0,2.0,0.0,0.0,0.0,0.0,0.0,0.0,4.0,0.0,0.0
Hsa-Mir-376-P1_3p/376-P2_3p/376-P3_3p,3.0,3.0,4.0,0.0,0.0,2.0,0.0,0.0,0.0,0.0,0.0,0.0,0.0,0.0,0.0,0.0,4.0,0.0
Hsa-Mir-376-P1_5p*,16.0,3.0,3.0,0.0,3.0,2.0,0.0,3.0,3.0,5.0,6.0,0.0,0.0,0.0,0.0,5.0,7.0,6.0
Hsa-Mir-376-P2_5p*,0.0,0.0,0.0,0.0,0.0,0.0,0.0,0.0,0.0,0.0,0.0,0.0,0.0,0.0,0.0,0.0,0.0,0.0
Hsa-Mir-376-P3_5p*/376-P4_5p*,0.0,0.0,0.0,0.0,0.0,0.0,0.0,0.0,0.0,0.0,0.0,0.0,0.0,0.0,0.0,0.0,0.0,0.0
Hsa-Mir-376-P4_3p,24.0,7.0,7.0,0.0,7.0,8.0,6.0,19.0,11.0,18.0,8.0,0.0,0.0,0.0,4.0,0.0,15.0,0.0
Hsa-Mir-378_3p,1519.0,2198.0,3752.0,2370.0,2609.0,1502.0,5401.0,11595.0,4684.0,8881.0,6716.0,4626.0,433.0,848.0,1395.0,1502.0,3448.0,1332.0
Hsa-Mir-378_5p*,10.0,0.0,25.0,19.0,6.0,12.0,98.0,166.0,96.0,56.0,20.0,28.0,0.0,7.0,13.0,14.0,28.0,10.0
Hsa-Mir-383_3p*,0.0,0.0,0.0,0.0,0.0,0.0,0.0,0.0,0.0,0.0,0.0,0.0,0.0,0.0,0.0,0.0,0.0,0.0
Hsa-Mir-383_5p,0.0,6.0,0.0,0.0,0.0,0.0,0.0,0.0,0.0,5.0,2.0,0.0,0.0,0.0,0.0,0.0,0.0,0.0
Hsa-Mir-3909_3p,5.0,3.0,5.0,3.0,0.0,2.0,0.0,2.0,4.0,14.0,7.0,21.0,0.0,3.0,5.0,0.0,4.0,3.0
Hsa-Mir-3909_5p*,0.0,0.0,0.0,0.0,0.0,0.0,0.0,0.0,0.0,0.0,0.0,0.0,0.0,0.0,0.0,0.0,0.0,0.0
Hsa-Mir-3918_3p*,0.0,0.0,0.0,0.0,0.0,0.0,0.0,0.0,0.0,0.0,0.0,0.0,0.0,0.0,0.0,0.0,0.0,0.0
Hsa-Mir-3918_5p,0.0,0.0,0.0,0.0,0.0,0.0,0.0,0.0,0.0,0.0,0.0,0.0,0.0,0.0,0.0,0.0,0.0,0.0
Hsa-Mir-3924_3p,0.0,0.0,0.0,0.0,0.0,0.0,0.0,0.0,0.0,0.0,0.0,0.0,0.0,0.0,0.0,0.0,0.0,0.0
Hsa-Mir-3924_5p,0.0,0.0,0.0,0.0,0.0,0.0,0.0,0.0,0.0,0.0,0.0,0.0,0.0,0.0,0.0,0.0,0.0,0.0
Hsa-Mir-3934_3p*,0.0,0.0,0.0,0.0,0.0,0.0,0.0,0.0,0.0,0.0,0.0,0.0,0.0,0.0,0.0,0.0,0.0,0.0
Hsa-Mir-3934_5p,0.0,0.0,0.0,0.0,0.0,0.0,4.0,5.0,0.0,0.0,0.0,0.0,0.0,0.0,4.0,6.0,4.0,0.0
Hsa-Mir-3940_3p,0.0,0.0,0.0,0.0,0.0,0.0,0.0,3.0,0.0,0.0,0.0,0.0,0.0,0.0,0.0,0.0,0.0,0.0
Hsa-Mir-3940_5p*,0.0,0.0,0.0,0.0,0.0,0.0,0.0,0.0,0.0,0.0,0.0,0.0,0.0,0.0,0.0,0.0,0.0,0.0
Hsa-Mir-3942_3p*,0.0,0.0,0.0,0.0,0.0,0.0,0.0,0.0,0.0,0.0,0.0,0.0,0.0,0.0,0.0,0.0,0.0,0.0
Hsa-Mir-3942_5p,0.0,0.0,0.0,0.0,0.0,0.0,0.0,0.0,0.0,0.0,0.0,0.0,0.0,0.0,0.0,0.0,0.0,0.0
Hsa-Mir-3944_3p,0.0,0.0,0.0,0.0,0.0,0.0,0.0,0.0,0.0,0.0,0.0,0.0,0.0,0.0,0.0,0.0,0.0,0.0
Hsa-Mir-3944_5p,0.0,0.0,0.0,0.0,0.0,0.0,0.0,0.0,0.0,0.0,0.0,0.0,0.0,0.0,0.0,0.0,0.0,0.0
Hsa-Mir-423_3p,650.0,1585.0,1520.0,205.0,307.0,273.0,618.0,649.0,329.0,793.0,623.0,814.0,622.0,464.0,339.0,277.0,784.0,530.0
Hsa-Mir-423_5p,268.0,1094.0,828.0,63.0,123.0,87.0,263.0,174.0,120.0,865.0,441.0,1363.0,752.0,281.0,128.0,109.0,377.0,207.0
Hsa-Mir-425_3p*,11.0,12.0,15.0,21.0,21.0,26.0,14.0,27.0,10.0,12.0,7.0,2.0,8.0,11.0,17.0,0.0,14.0,0.0
Hsa-Mir-425_5p,376.0,680.0,934.0,331.0,591.0,255.0,282.0,429.0,132.0,180.0,119.0,112.0,66.0,96.0,144.0,164.0,635.0,97.0
Hsa-Mir-430-P11a_3p*/430-P11b_3p*/430-P13_3p*/430-P14_3p*,0.0,0.0,0.0,0.0,0.0,0.0,0.0,0.0,0.0,0.0,0.0,0.0,0.0,0.0,0.0,0.0,0.0,0.0
Hsa-Mir-430-P11a_5p/430-P11b_5p,0.0,0.0,0.0,0.0,0.0,0.0,0.0,0.0,0.0,0.0,0.0,0.0,0.0,2.0,0.0,0.0,0.0,0.0
Hsa-Mir-430-P13_5p/430-P14_5p,0.0,0.0,0.0,0.0,0.0,0.0,0.0,0.0,0.0,0.0,0.0,0.0,0.0,0.0,2.0,0.0,0.0,0.0
Hsa-Mir-430-P15a_3p/430-P15b_3p,0.0,0.0,0.0,0.0,0.0,0.0,0.0,0.0,0.0,0.0,0.0,0.0,0.0,0.0,0.0,0.0,0.0,0.0
Hsa-Mir-430-P15a_5p*/430-P15b_5p*/430-P15c_5p*,0.0,0.0,0.0,0.0,0.0,0.0,0.0,0.0,0.0,0.0,0.0,0.0,0.0,0.0,0.0,0.0,0.0,0.0
Hsa-Mir-430-P15c_3p,0.0,0.0,0.0,0.0,0.0,0.0,0.0,0.0,0.0,0.0,0.0,0.0,0.0,0.0,0.0,0.0,0.0,0.0
Hsa-Mir-430-P18_3p/430-P19_3p,0.0,0.0,0.0,0.0,0.0,0.0,0.0,0.0,0.0,0.0,0.0,0.0,0.0,0.0,0.0,0.0,0.0,0.0
Hsa-Mir-430-P18_5p*/430-P19_5p*/430-P48_5p,0.0,0.0,0.0,0.0,0.0,0.0,0.0,0.0,0.0,0.0,0.0,0.0,0.0,0.0,0.0,0.0,0.0,0.0
Hsa-Mir-430-P1_3p,0.0,0.0,0.0,0.0,0.0,0.0,0.0,0.0,0.0,0.0,0.0,0.0,0.0,0.0,0.0,0.0,0.0,0.0
Hsa-Mir-430-P1_5p*,0.0,0.0,0.0,0.0,0.0,0.0,0.0,0.0,0.0,0.0,0.0,0.0,0.0,0.0,0.0,0.0,0.0,0.0
Hsa-Mir-430-P20_3p,0.0,0.0,0.0,0.0,0.0,0.0,0.0,0.0,0.0,0.0,0.0,0.0,0.0,0.0,0.0,0.0,2.0,2.0
Hsa-Mir-430-P20_5p*,0.0,0.0,0.0,0.0,0.0,0.0,0.0,0.0,0.0,0.0,0.0,0.0,0.0,0.0,0.0,0.0,0.0,0.0
Hsa-Mir-430-P21_3p/430-P24_3p,0.0,0.0,0.0,0.0,0.0,0.0,0.0,0.0,0.0,0.0,0.0,0.0,0.0,0.0,0.0,0.0,0.0,0.0
Hsa-Mir-430-P21_5p*,0.0,0.0,0.0,0.0,0.0,0.0,0.0,0.0,0.0,0.0,0.0,0.0,0.0,0.0,0.0,0.0,0.0,0.0
Hsa-Mir-430-P22_3p*,0.0,0.0,0.0,0.0,0.0,0.0,0.0,0.0,0.0,0.0,0.0,0.0,0.0,0.0,0.0,0.0,0.0,0.0
Hsa-Mir-430-P22_5p/430-P24_5p*/430-P33_5p*/430-P45_5p/430-P46_5p,0.0,0.0,0.0,0.0,0.0,0.0,0.0,0.0,0.0,0.0,0.0,0.0,0.0,0.0,0.0,0.0,0.0,0.0
Hsa-Mir-430-P23_3p*,0.0,0.0,0.0,0.0,0.0,0.0,0.0,0.0,0.0,0.0,0.0,0.0,0.0,0.0,0.0,0.0,0.0,0.0
Hsa-Mir-430-P23_5p/430-P25_5p/430-P27_5p/430-P28_5p*/430-P41_5p*/430-P42_5p*,0.0,0.0,0.0,0.0,0.0,0.0,0.0,0.0,0.0,0.0,0.0,0.0,3.0,0.0,0.0,0.0,0.0,0.0
Hsa-Mir-430-P25_3p/430-P26_3p/430-P27_3p*,0.0,0.0,0.0,0.0,0.0,0.0,0.0,0.0,0.0,0.0,0.0,0.0,0.0,0.0,0.0,0.0,0.0,0.0
Hsa-Mir-430-P26_5p*/430-P32_5p*,0.0,0.0,0.0,0.0,0.0,0.0,0.0,0.0,0.0,0.0,0.0,0.0,0.0,0.0,0.0,0.0,0.0,0.0
Hsa-Mir-430-P28_3p,0.0,0.0,0.0,0.0,0.0,0.0,0.0,0.0,0.0,0.0,0.0,0.0,0.0,0.0,0.0,0.0,0.0,0.0
Hsa-Mir-430-P29_3p,0.0,0.0,0.0,0.0,0.0,0.0,0.0,0.0,0.0,0.0,0.0,0.0,0.0,0.0,0.0,0.0,0.0,0.0
Hsa-Mir-430-P29_5p*,0.0,0.0,0.0,0.0,0.0,0.0,0.0,0.0,0.0,0.0,0.0,0.0,0.0,0.0,0.0,0.0,0.0,0.0
Hsa-Mir-430-P2_3p,0.0,0.0,0.0,0.0,0.0,0.0,0.0,0.0,0.0,0.0,0.0,0.0,0.0,0.0,0.0,0.0,0.0,0.0
Hsa-Mir-430-P2_5p*,0.0,0.0,0.0,0.0,0.0,0.0,0.0,0.0,0.0,0.0,0.0,0.0,0.0,0.0,0.0,0.0,0.0,0.0
Hsa-Mir-430-P30_3p*,0.0,0.0,0.0,0.0,0.0,0.0,0.0,0.0,0.0,0.0,0.0,0.0,0.0,0.0,0.0,0.0,0.0,0.0
Hsa-Mir-430-P30_5p,0.0,0.0,0.0,0.0,0.0,0.0,0.0,0.0,0.0,0.0,0.0,0.0,0.0,0.0,0.0,0.0,0.0,0.0
Hsa-Mir-430-P31_3p,0.0,0.0,0.0,0.0,0.0,0.0,0.0,0.0,0.0,0.0,0.0,0.0,0.0,0.0,0.0,0.0,0.0,0.0
Hsa-Mir-430-P31_5p*,0.0,0.0,0.0,0.0,0.0,0.0,0.0,0.0,0.0,0.0,0.0,0.0,0.0,0.0,0.0,0.0,0.0,0.0
Hsa-Mir-430-P32_3p/430-P33_3p/430-P36_3p/430-P47_3p*,0.0,0.0,0.0,0.0,0.0,0.0,0.0,0.0,0.0,0.0,0.0,0.0,0.0,0.0,0.0,0.0,0.0,0.0
Hsa-Mir-430-P34_3p,0.0,0.0,0.0,0.0,0.0,0.0,0.0,0.0,0.0,0.0,0.0,0.0,0.0,0.0,0.0,0.0,0.0,0.0
Hsa-Mir-430-P34_5p*,0.0,0.0,0.0,0.0,0.0,0.0,0.0,0.0,0.0,0.0,0.0,0.0,0.0,0.0,0.0,0.0,0.0,0.0
Hsa-Mir-430-P35_3p,0.0,0.0,0.0,0.0,0.0,0.0,0.0,0.0,0.0,0.0,0.0,0.0,0.0,0.0,0.0,0.0,0.0,0.0
Hsa-Mir-430-P35_5p*,0.0,0.0,0.0,0.0,0.0,0.0,0.0,0.0,0.0,0.0,0.0,0.0,0.0,0.0,0.0,0.0,0.0,0.0
Hsa-Mir-430-P36_5p*,0.0,0.0,0.0,0.0,0.0,0.0,0.0,0.0,0.0,0.0,0.0,0.0,0.0,0.0,0.0,0.0,0.0,0.0
Hsa-Mir-430-P37a_3p/430-P37b_3p,0.0,0.0,0.0,0.0,0.0,0.0,0.0,0.0,0.0,0.0,0.0,0.0,0.0,0.0,0.0,0.0,0.0,0.0
Hsa-Mir-430-P37a_5p*/430-P37b_5p*,0.0,0.0,0.0,0.0,0.0,0.0,0.0,0.0,0.0,0.0,0.0,0.0,0.0,0.0,0.0,0.0,0.0,0.0
Hsa-Mir-430-P39a_3p/430-P39b_3p,0.0,0.0,0.0,0.0,0.0,0.0,0.0,0.0,0.0,0.0,0.0,0.0,0.0,0.0,0.0,0.0,0.0,0.0
Hsa-Mir-430-P39a_5p*,0.0,0.0,0.0,0.0,0.0,0.0,0.0,0.0,0.0,0.0,0.0,0.0,0.0,0.0,0.0,0.0,0.0,0.0
Hsa-Mir-430-P39b_5p*,0.0,0.0,0.0,0.0,0.0,0.0,0.0,0.0,0.0,0.0,0.0,0.0,0.0,0.0,0.0,0.0,0.0,0.0
Hsa-Mir-430-P3_3p,0.0,0.0,0.0,0.0,0.0,0.0,0.0,0.0,0.0,0.0,0.0,0.0,0.0,0.0,0.0,0.0,0.0,0.0
Hsa-Mir-430-P3_5p*,0.0,0.0,0.0,0.0,0.0,0.0,0.0,0.0,0.0,0.0,0.0,0.0,0.0,0.0,0.0,0.0,0.0,0.0
Hsa-Mir-430-P41_3p,0.0,0.0,0.0,0.0,0.0,0.0,0.0,0.0,0.0,0.0,0.0,0.0,0.0,0.0,0.0,0.0,0.0,0.0
Hsa-Mir-430-P42_3p,0.0,0.0,0.0,0.0,0.0,0.0,0.0,0.0,0.0,0.0,0.0,0.0,0.0,0.0,0.0,0.0,0.0,0.0
Hsa-Mir-430-P43_3p,0.0,0.0,0.0,0.0,0.0,0.0,0.0,0.0,0.0,0.0,0.0,0.0,0.0,0.0,0.0,0.0,0.0,0.0
Hsa-Mir-430-P43_5p,0.0,0.0,0.0,0.0,0.0,0.0,0.0,0.0,0.0,0.0,0.0,0.0,0.0,0.0,0.0,0.0,0.0,0.0
Hsa-Mir-430-P44_3p,0.0,0.0,0.0,0.0,0.0,0.0,0.0,0.0,0.0,0.0,0.0,0.0,0.0,0.0,0.0,0.0,0.0,0.0
Hsa-Mir-430-P44_5p,0.0,0.0,0.0,0.0,0.0,0.0,0.0,0.0,0.0,0.0,0.0,0.0,0.0,0.0,0.0,0.0,0.0,0.0
Hsa-Mir-430-P45_3p*,0.0,0.0,0.0,0.0,0.0,0.0,0.0,0.0,0.0,0.0,0.0,0.0,0.0,0.0,0.0,0.0,0.0,0.0
Hsa-Mir-430-P46_3p*,0.0,0.0,0.0,0.0,0.0,0.0,0.0,0.0,0.0,0.0,0.0,0.0,0.0,0.0,0.0,0.0,0.0,0.0
Hsa-Mir-430-P47_5p,0.0,0.0,0.0,0.0,0.0,0.0,0.0,0.0,0.0,0.0,0.0,0.0,0.0,0.0,0.0,0.0,0.0,0.0
Hsa-Mir-430-P48_3p*,0.0,0.0,0.0,0.0,0.0,0.0,0.0,0.0,0.0,0.0,0.0,0.0,0.0,0.0,0.0,0.0,0.0,0.0
Hsa-Mir-430-P49_3p*,0.0,0.0,0.0,0.0,0.0,0.0,0.0,0.0,0.0,0.0,0.0,0.0,0.0,0.0,0.0,0.0,0.0,0.0
Hsa-Mir-430-P49_5p/430-P50_5p,0.0,0.0,0.0,0.0,0.0,0.0,0.0,0.0,0.0,0.0,0.0,0.0,0.0,0.0,0.0,0.0,0.0,0.0
Hsa-Mir-430-P4_3p,0.0,0.0,0.0,0.0,0.0,0.0,0.0,0.0,0.0,0.0,0.0,0.0,0.0,0.0,0.0,0.0,0.0,0.0
Hsa-Mir-430-P4_5p*,0.0,0.0,0.0,0.0,0.0,0.0,0.0,0.0,0.0,0.0,0.0,0.0,0.0,0.0,0.0,0.0,0.0,0.0
Hsa-Mir-430-P50_3p*,0.0,0.0,0.0,0.0,0.0,0.0,0.0,0.0,0.0,0.0,0.0,0.0,0.0,0.0,0.0,0.0,0.0,0.0
Hsa-Mir-430-P5_3p*,0.0,0.0,0.0,0.0,0.0,0.0,0.0,0.0,0.0,0.0,0.0,0.0,0.0,0.0,0.0,0.0,0.0,0.0
Hsa-Mir-430-P5_5p,0.0,0.0,0.0,0.0,0.0,0.0,0.0,0.0,0.0,0.0,0.0,0.0,0.0,0.0,0.0,0.0,0.0,0.0
Hsa-Mir-430-P6_3p,0.0,0.0,0.0,0.0,0.0,0.0,0.0,0.0,0.0,0.0,0.0,0.0,0.0,0.0,0.0,0.0,0.0,0.0
Hsa-Mir-430-P6_5p*,0.0,0.0,0.0,0.0,0.0,0.0,0.0,0.0,0.0,0.0,0.0,0.0,0.0,0.0,0.0,0.0,0.0,0.0
Hsa-Mir-430-P7_3p,0.0,0.0,0.0,0.0,0.0,0.0,0.0,0.0,0.0,0.0,0.0,0.0,2.0,0.0,0.0,0.0,0.0,0.0
Hsa-Mir-430-P7_5p*,0.0,0.0,0.0,0.0,0.0,0.0,0.0,0.0,0.0,0.0,0.0,0.0,0.0,0.0,0.0,0.0,0.0,0.0
Hsa-Mir-430-P8a_3p/430-P8b_3p,0.0,0.0,0.0,0.0,0.0,0.0,0.0,0.0,0.0,0.0,0.0,0.0,0.0,0.0,0.0,0.0,0.0,0.0
Hsa-Mir-430-P8a_5p*/430-P8b_5p*,0.0,0.0,0.0,0.0,0.0,0.0,0.0,0.0,0.0,0.0,0.0,0.0,0.0,0.0,0.0,0.0,0.0,0.0
Hsa-Mir-430-P9a_3p*/430-P9b_3p*,0.0,0.0,0.0,0.0,0.0,0.0,0.0,0.0,0.0,0.0,0.0,0.0,0.0,0.0,0.0,0.0,0.0,0.0
Hsa-Mir-430-P9a_5p/430-P9b_5p,0.0,0.0,0.0,0.0,0.0,0.0,0.0,0.0,0.0,0.0,0.0,0.0,0.0,0.0,0.0,0.0,0.0,0.0
Hsa-Mir-431_3p*,0.0,0.0,0.0,0.0,0.0,0.0,0.0,0.0,0.0,0.0,0.0,2.0,0.0,0.0,0.0,0.0,0.0,0.0
Hsa-Mir-431_5p,9.0,5.0,7.0,0.0,2.0,4.0,0.0,0.0,0.0,0.0,2.0,4.0,0.0,0.0,0.0,5.0,9.0,10.0
Hsa-Mir-432_3p*,0.0,0.0,0.0,0.0,0.0,0.0,0.0,0.0,0.0,0.0,0.0,0.0,0.0,0.0,0.0,0.0,0.0,0.0
Hsa-Mir-432_5p,24.0,7.0,18.0,0.0,0.0,7.0,10.0,11.0,6.0,16.0,5.0,11.0,5.0,5.0,0.0,0.0,8.0,13.0
Hsa-Mir-433_3p,8.0,4.0,7.0,0.0,0.0,2.0,0.0,0.0,4.0,4.0,0.0,0.0,0.0,0.0,2.0,0.0,0.0,0.0
Hsa-Mir-433_5p*,0.0,0.0,0.0,0.0,0.0,0.0,0.0,0.0,0.0,0.0,0.0,0.0,0.0,0.0,0.0,0.0,0.0,0.0
Hsa-Mir-4424_3p,0.0,0.0,0.0,0.0,0.0,0.0,0.0,0.0,0.0,0.0,0.0,0.0,0.0,0.0,0.0,0.0,0.0,0.0
Hsa-Mir-4424_5p,0.0,0.0,0.0,0.0,0.0,0.0,0.0,0.0,0.0,0.0,3.0,0.0,0.0,0.0,0.0,0.0,0.0,0.0
Hsa-Mir-4428_3p,0.0,0.0,0.0,0.0,0.0,0.0,0.0,0.0,0.0,0.0,0.0,0.0,0.0,0.0,0.0,0.0,0.0,0.0
Hsa-Mir-4428_5p,0.0,0.0,0.0,0.0,0.0,0.0,0.0,0.0,0.0,0.0,0.0,0.0,0.0,0.0,0.0,0.0,0.0,0.0
Hsa-Mir-448_3p,0.0,0.0,0.0,0.0,0.0,0.0,0.0,0.0,0.0,0.0,0.0,0.0,0.0,0.0,0.0,0.0,0.0,0.0
Hsa-Mir-448_5p*,0.0,0.0,0.0,0.0,0.0,0.0,0.0,0.0,0.0,0.0,0.0,0.0,0.0,0.0,0.0,0.0,0.0,0.0
Hsa-Mir-450-P1_3p*,0.0,0.0,0.0,0.0,0.0,0.0,0.0,0.0,0.0,0.0,0.0,0.0,0.0,0.0,0.0,0.0,0.0,0.0
Hsa-Mir-450-P1_5p/450-P2_5p,48.0,6.0,0.0,2.0,4.0,4.0,0.0,3.0,4.0,8.0,31.0,10.0,0.0,0.0,3.0,0.0,16.0,10.0
Hsa-Mir-450-P2_3p*,0.0,0.0,0.0,0.0,0.0,0.0,0.0,0.0,0.0,2.0,0.0,0.0,0.0,0.0,0.0,0.0,0.0,0.0
Hsa-Mir-450-P3_3p*,0.0,0.0,0.0,0.0,0.0,0.0,0.0,0.0,0.0,0.0,0.0,0.0,0.0,0.0,0.0,0.0,0.0,0.0
Hsa-Mir-450-P3_5p,77.0,27.0,8.0,11.0,16.0,15.0,0.0,3.0,3.0,25.0,62.0,17.0,2.0,0.0,10.0,4.0,14.0,22.0
Hsa-Mir-451_5p,1647.0,159.0,117.0,604.0,311.0,1787.0,6514.0,10470.0,3796.0,802.0,2081.0,794.0,720.0,1148.0,10450.0,2778.0,3006.0,342.0
Hsa-Mir-452-v1_3p*/452-v2_3p*,5.0,9.0,5.0,5.0,9.0,6.0,3.0,2.0,0.0,0.0,6.0,0.0,0.0,2.0,4.0,0.0,8.0,11.0
Hsa-Mir-452-v1_5p,10.0,21.0,25.0,25.0,71.0,27.0,15.0,15.0,5.0,6.0,9.0,10.0,12.0,11.0,23.0,18.0,50.0,40.0
Hsa-Mir-452-v2_5p,0.0,0.0,9.0,9.0,0.0,0.0,0.0,0.0,0.0,0.0,0.0,0.0,0.0,0.0,10.0,6.0,11.0,0.0
Hsa-Mir-4524_3p,0.0,0.0,0.0,0.0,0.0,0.0,0.0,0.0,0.0,0.0,0.0,0.0,0.0,0.0,0.0,0.0,0.0,0.0
Hsa-Mir-4524_5p*,0.0,0.0,0.0,0.0,0.0,0.0,0.0,0.0,0.0,0.0,0.0,0.0,0.0,0.0,0.0,0.0,0.0,0.0
Hsa-Mir-455-v1_3p*,25.0,0.0,25.0,13.0,10.0,0.0,16.0,0.0,0.0,84.0,84.0,189.0,0.0,11.0,12.0,5.0,19.0,10.0
Hsa-Mir-455-v1_5p/455-v2_5p*,100.0,26.0,14.0,30.0,55.0,48.0,30.0,32.0,28.0,109.0,172.0,55.0,4.0,19.0,32.0,35.0,40.0,46.0
Hsa-Mir-455-v2_3p,15.0,3.0,20.0,0.0,7.0,5.0,6.0,6.0,7.0,81.0,46.0,173.0,2.0,7.0,4.0,7.0,24.0,4.0
Hsa-Mir-459_3p*,0.0,0.0,0.0,0.0,0.0,0.0,0.0,0.0,0.0,0.0,0.0,0.0,0.0,0.0,0.0,0.0,0.0,0.0
Hsa-Mir-459_5p,0.0,0.0,0.0,0.0,0.0,0.0,0.0,0.0,0.0,0.0,2.0,0.0,0.0,0.0,0.0,0.0,0.0,0.0
Hsa-Mir-4637_3p,0.0,0.0,0.0,0.0,0.0,0.0,0.0,0.0,0.0,0.0,0.0,0.0,0.0,0.0,0.0,0.0,0.0,0.0
Hsa-Mir-4637_5p*,0.0,0.0,0.0,0.0,0.0,0.0,0.0,0.0,0.0,0.0,0.0,0.0,0.0,0.0,0.0,0.0,0.0,0.0
Hsa-Mir-4661_3p*,0.0,0.0,0.0,0.0,0.0,0.0,0.0,0.0,0.0,0.0,0.0,0.0,0.0,0.0,0.0,0.0,0.0,0.0
Hsa-Mir-4661_5p,0.0,0.0,3.0,0.0,0.0,0.0,0.0,0.0,0.0,0.0,0.0,0.0,0.0,0.0,0.0,0.0,3.0,0.0
Hsa-Mir-4662_3p*,0.0,2.0,0.0,0.0,0.0,0.0,0.0,0.0,0.0,0.0,0.0,0.0,0.0,0.0,0.0,0.0,0.0,0.0
Hsa-Mir-4662_5p,4.0,10.0,0.0,6.0,0.0,0.0,2.0,0.0,3.0,23.0,29.0,0.0,0.0,0.0,0.0,0.0,0.0,0.0
Hsa-Mir-4664_3p*,0.0,0.0,0.0,0.0,0.0,0.0,0.0,0.0,0.0,0.0,0.0,0.0,0.0,0.0,0.0,0.0,0.0,0.0
Hsa-Mir-4664_5p,0.0,0.0,0.0,0.0,0.0,0.0,0.0,0.0,0.0,0.0,0.0,0.0,0.0,0.0,0.0,0.0,0.0,0.0
Hsa-Mir-4677_3p,0.0,5.0,0.0,6.0,9.0,8.0,0.0,0.0,0.0,3.0,3.0,0.0,2.0,0.0,8.0,2.0,5.0,2.0
Hsa-Mir-4677_5p*,0.0,0.0,0.0,0.0,0.0,0.0,0.0,0.0,0.0,0.0,0.0,0.0,0.0,0.0,0.0,0.0,0.0,0.0
Hsa-Mir-4728_3p*,0.0,0.0,0.0,0.0,0.0,0.0,0.0,0.0,3.0,0.0,0.0,0.0,0.0,0.0,0.0,0.0,0.0,0.0
Hsa-Mir-4728_5p,0.0,0.0,0.0,0.0,0.0,0.0,0.0,0.0,0.0,0.0,0.0,0.0,0.0,0.0,0.0,0.0,0.0,0.0
Hsa-Mir-4731_3p,0.0,0.0,0.0,0.0,0.0,0.0,0.0,0.0,0.0,0.0,0.0,0.0,0.0,0.0,0.0,0.0,0.0,0.0
Hsa-Mir-4731_5p,0.0,0.0,0.0,0.0,0.0,0.0,0.0,0.0,0.0,0.0,0.0,0.0,0.0,0.0,0.0,0.0,0.0,0.0
Hsa-Mir-4739_3p*,0.0,0.0,0.0,0.0,0.0,0.0,0.0,0.0,0.0,0.0,0.0,0.0,0.0,0.0,0.0,0.0,0.0,0.0
Hsa-Mir-4739_5p,0.0,0.0,0.0,0.0,0.0,0.0,0.0,0.0,0.0,0.0,0.0,0.0,0.0,0.0,0.0,0.0,0.0,0.0
Hsa-Mir-4761_3p,0.0,0.0,0.0,0.0,0.0,0.0,0.0,0.0,0.0,0.0,0.0,0.0,0.0,0.0,0.0,0.0,0.0,0.0
Hsa-Mir-4761_5p*,0.0,0.0,0.0,0.0,0.0,0.0,0.0,0.0,0.0,0.0,0.0,0.0,0.0,0.0,0.0,0.0,0.0,0.0
Hsa-Mir-4766_3p,0.0,0.0,0.0,0.0,0.0,0.0,0.0,0.0,0.0,0.0,0.0,0.0,0.0,0.0,0.0,0.0,0.0,0.0
Hsa-Mir-4766_5p,0.0,0.0,0.0,0.0,0.0,0.0,0.0,0.0,0.0,0.0,0.0,0.0,0.0,0.0,0.0,0.0,0.0,0.0
Hsa-Mir-4773_3p*,0.0,0.0,0.0,0.0,0.0,0.0,0.0,0.0,0.0,0.0,0.0,0.0,0.0,0.0,0.0,0.0,0.0,0.0
Hsa-Mir-4773_5p,0.0,0.0,0.0,0.0,0.0,0.0,0.0,0.0,0.0,0.0,0.0,0.0,0.0,0.0,0.0,0.0,0.0,0.0
Hsa-Mir-483_3p*,154.0,2.0,3.0,0.0,168.0,0.0,0.0,0.0,0.0,162.0,74.0,132.0,0.0,0.0,0.0,0.0,2.0,0.0
Hsa-Mir-483_5p,48.0,0.0,0.0,0.0,152.0,0.0,0.0,0.0,0.0,84.0,48.0,116.0,0.0,2.0,0.0,0.0,0.0,0.0
Hsa-Mir-486_3p*,5.0,0.0,0.0,0.0,0.0,0.0,6.0,6.0,0.0,3.0,5.0,7.0,4.0,2.0,5.0,0.0,7.0,0.0
Hsa-Mir-486_5p,1059.0,349.0,863.0,431.0,187.0,968.0,6169.0,7787.0,2655.0,5156.0,3526.0,7834.0,16301.0,8348.0,11223.0,2537.0,5450.0,623.0
Hsa-Mir-488_3p,0.0,0.0,0.0,0.0,0.0,0.0,0.0,0.0,0.0,0.0,0.0,0.0,0.0,0.0,0.0,0.0,0.0,0.0
Hsa-Mir-488_5p,0.0,0.0,0.0,0.0,0.0,0.0,0.0,0.0,0.0,0.0,0.0,0.0,0.0,0.0,0.0,0.0,0.0,0.0
Hsa-Mir-489_3p,3.0,2.0,0.0,0.0,0.0,0.0,0.0,0.0,0.0,3.0,0.0,0.0,2.0,6.0,4.0,0.0,0.0,0.0
Hsa-Mir-489_5p*,0.0,0.0,0.0,0.0,0.0,0.0,0.0,0.0,0.0,0.0,0.0,0.0,0.0,0.0,0.0,0.0,0.0,0.0
Hsa-Mir-490_3p,3.0,0.0,0.0,0.0,0.0,2.0,0.0,4.0,39.0,6.0,13.0,5.0,3.0,0.0,6.0,0.0,0.0,13.0
Hsa-Mir-490_5p*,0.0,0.0,0.0,0.0,0.0,0.0,0.0,0.0,0.0,0.0,0.0,0.0,0.0,0.0,0.0,0.0,0.0,0.0
Hsa-Mir-491_3p*,0.0,0.0,0.0,0.0,0.0,0.0,0.0,0.0,0.0,0.0,0.0,0.0,0.0,0.0,0.0,0.0,0.0,0.0
Hsa-Mir-491_5p,0.0,0.0,0.0,0.0,0.0,0.0,0.0,0.0,0.0,0.0,0.0,0.0,0.0,0.0,0.0,0.0,0.0,0.0
Hsa-Mir-493_3p*,11.0,11.0,7.0,4.0,7.0,0.0,0.0,0.0,3.0,0.0,5.0,7.0,0.0,0.0,6.0,7.0,9.0,10.0
Hsa-Mir-493_5p,40.0,23.0,16.0,12.0,12.0,18.0,5.0,5.0,5.0,8.0,9.0,14.0,0.0,3.0,7.0,7.0,23.0,12.0
Hsa-Mir-498_3p*,0.0,0.0,0.0,0.0,0.0,0.0,0.0,0.0,0.0,0.0,0.0,0.0,0.0,0.0,0.0,0.0,0.0,0.0
Hsa-Mir-498_5p,0.0,0.0,0.0,0.0,0.0,0.0,0.0,0.0,0.0,0.0,0.0,0.0,0.0,0.0,0.0,0.0,0.0,0.0
Hsa-Mir-499_3p*,2.0,0.0,0.0,0.0,0.0,0.0,0.0,0.0,0.0,0.0,0.0,0.0,0.0,0.0,0.0,0.0,0.0,0.0
Hsa-Mir-499_5p,66.0,4.0,0.0,4.0,2.0,0.0,3.0,2.0,0.0,0.0,4.0,0.0,0.0,0.0,0.0,0.0,2.0,0.0
Hsa-Mir-5000_3p,0.0,0.0,0.0,0.0,4.0,2.0,0.0,0.0,0.0,0.0,0.0,0.0,0.0,0.0,2.0,0.0,0.0,0.0
Hsa-Mir-5000_5p*,0.0,0.0,0.0,0.0,0.0,0.0,0.0,0.0,0.0,0.0,0.0,0.0,0.0,0.0,0.0,0.0,0.0,0.0
Hsa-Mir-5010_3p*,0.0,0.0,10.0,0.0,0.0,0.0,3.0,2.0,0.0,0.0,0.0,0.0,0.0,0.0,0.0,0.0,0.0,0.0
Hsa-Mir-5010_5p,0.0,0.0,2.0,0.0,0.0,0.0,0.0,0.0,0.0,0.0,0.0,2.0,0.0,0.0,0.0,0.0,0.0,0.0
Hsa-Mir-504-v1_3p*/504-v2_3p*,0.0,0.0,0.0,0.0,0.0,0.0,0.0,0.0,0.0,0.0,0.0,0.0,0.0,0.0,0.0,0.0,0.0,0.0
Hsa-Mir-504-v1_5p/504-v2_5p,4.0,8.0,3.0,0.0,0.0,0.0,0.0,0.0,4.0,4.0,0.0,11.0,6.0,2.0,2.0,0.0,0.0,0.0
Hsa-Mir-505-v1_3p*/505-v2_3p*,29.0,19.0,18.0,8.0,19.0,7.0,25.0,22.0,10.0,45.0,69.0,37.0,0.0,7.0,11.0,12.0,48.0,14.0
Hsa-Mir-505-v1_5p/505-v2_5p,0.0,0.0,4.0,0.0,0.0,0.0,2.0,0.0,0.0,4.0,4.0,7.0,0.0,0.0,0.0,0.0,0.0,0.0
Hsa-Mir-506-P10_3p*,0.0,0.0,0.0,0.0,0.0,0.0,0.0,0.0,0.0,0.0,0.0,0.0,0.0,0.0,0.0,0.0,0.0,0.0
Hsa-Mir-506-P10_5p,0.0,0.0,0.0,0.0,0.0,0.0,0.0,0.0,0.0,0.0,0.0,0.0,0.0,0.0,0.0,0.0,0.0,0.0
Hsa-Mir-506-P11_3p,0.0,0.0,0.0,0.0,0.0,0.0,0.0,0.0,0.0,0.0,0.0,0.0,0.0,0.0,0.0,0.0,0.0,0.0
Hsa-Mir-506-P11_5p*,0.0,0.0,0.0,0.0,0.0,0.0,0.0,0.0,0.0,0.0,0.0,0.0,0.0,0.0,0.0,0.0,0.0,0.0
Hsa-Mir-506-P12_3p,0.0,0.0,0.0,0.0,0.0,0.0,0.0,0.0,0.0,0.0,0.0,0.0,0.0,0.0,0.0,0.0,0.0,0.0
Hsa-Mir-506-P12_5p*,0.0,0.0,0.0,0.0,0.0,0.0,0.0,0.0,0.0,0.0,0.0,0.0,0.0,0.0,0.0,0.0,0.0,0.0
Hsa-Mir-506-P13_3p,0.0,0.0,0.0,0.0,0.0,0.0,0.0,0.0,0.0,0.0,0.0,0.0,0.0,0.0,0.0,0.0,0.0,0.0
Hsa-Mir-506-P13_5p*,0.0,0.0,0.0,0.0,0.0,0.0,0.0,0.0,0.0,0.0,0.0,0.0,0.0,0.0,0.0,0.0,0.0,0.0
Hsa-Mir-506-P1_3p,0.0,0.0,0.0,0.0,0.0,0.0,0.0,0.0,0.0,0.0,0.0,0.0,0.0,0.0,0.0,0.0,0.0,0.0
Hsa-Mir-506-P1_5p,0.0,0.0,0.0,0.0,0.0,0.0,0.0,0.0,0.0,0.0,0.0,0.0,0.0,0.0,0.0,0.0,0.0,0.0
Hsa-Mir-506-P2_3p,0.0,0.0,0.0,0.0,0.0,0.0,0.0,0.0,0.0,0.0,0.0,0.0,0.0,0.0,0.0,0.0,0.0,0.0
Hsa-Mir-506-P2_5p*,0.0,0.0,0.0,0.0,0.0,0.0,0.0,0.0,0.0,0.0,0.0,0.0,0.0,0.0,0.0,0.0,0.0,0.0
Hsa-Mir-506-P3_3p,0.0,0.0,0.0,2.0,0.0,0.0,0.0,0.0,0.0,0.0,0.0,0.0,0.0,0.0,0.0,0.0,0.0,0.0
Hsa-Mir-506-P3_5p*,0.0,0.0,0.0,0.0,0.0,0.0,0.0,0.0,0.0,0.0,0.0,0.0,0.0,0.0,0.0,0.0,0.0,0.0
Hsa-Mir-506-P4a1_3p/506-P4a2_3p/506-P4b_3p,0.0,7.0,0.0,5.0,0.0,0.0,0.0,0.0,0.0,0.0,0.0,0.0,0.0,3.0,5.0,0.0,0.0,2.0
Hsa-Mir-506-P4a1_5p*/506-P4a2_5p*,0.0,0.0,0.0,0.0,0.0,0.0,0.0,0.0,0.0,0.0,0.0,0.0,0.0,0.0,0.0,0.0,0.0,0.0
Hsa-Mir-506-P4b_5p*,0.0,0.0,0.0,0.0,0.0,0.0,0.0,0.0,0.0,0.0,0.0,0.0,0.0,0.0,0.0,0.0,0.0,0.0
Hsa-Mir-506-P5_3p*,0.0,0.0,0.0,0.0,0.0,0.0,0.0,0.0,0.0,0.0,0.0,0.0,0.0,0.0,0.0,0.0,0.0,0.0
Hsa-Mir-506-P5_5p,0.0,0.0,0.0,0.0,0.0,0.0,0.0,0.0,0.0,0.0,0.0,0.0,0.0,0.0,0.0,0.0,0.0,0.0
Hsa-Mir-506-P6a1_3p*/506-P6a2_3p*/506-P6c_3p*,0.0,0.0,0.0,0.0,0.0,0.0,0.0,0.0,0.0,0.0,0.0,0.0,0.0,0.0,0.0,0.0,0.0,0.0
Hsa-Mir-506-P6a1_5p/506-P6a2_5p,0.0,0.0,0.0,0.0,0.0,0.0,0.0,0.0,0.0,0.0,0.0,0.0,0.0,0.0,0.0,0.0,0.0,0.0
Hsa-Mir-506-P6b_3p*,0.0,0.0,0.0,0.0,0.0,0.0,0.0,0.0,0.0,0.0,0.0,0.0,0.0,0.0,0.0,0.0,0.0,0.0
Hsa-Mir-506-P6b_5p,0.0,0.0,0.0,0.0,0.0,0.0,0.0,0.0,0.0,0.0,0.0,0.0,0.0,0.0,0.0,0.0,0.0,0.0
Hsa-Mir-506-P6c_5p,0.0,0.0,0.0,0.0,0.0,0.0,0.0,0.0,0.0,0.0,0.0,0.0,0.0,0.0,0.0,0.0,0.0,0.0
Hsa-Mir-506-P7a_3p/506-P7b_3p/506-P7c_3p,0.0,0.0,0.0,0.0,0.0,0.0,0.0,0.0,0.0,0.0,0.0,0.0,0.0,0.0,0.0,0.0,0.0,0.0
Hsa-Mir-506-P7a_5p*/506-P7b_5p*/506-P7c_5p*,0.0,0.0,0.0,0.0,0.0,0.0,0.0,0.0,0.0,0.0,0.0,0.0,0.0,0.0,0.0,0.0,0.0,0.0
Hsa-Mir-506-P8_3p*,0.0,0.0,0.0,0.0,0.0,0.0,0.0,0.0,0.0,0.0,0.0,0.0,0.0,0.0,0.0,0.0,0.0,0.0
Hsa-Mir-506-P8_5p,0.0,0.0,0.0,0.0,0.0,0.0,0.0,0.0,0.0,0.0,0.0,0.0,0.0,0.0,0.0,0.0,0.0,0.0
Hsa-Mir-506-P9_3p*,0.0,0.0,0.0,0.0,0.0,0.0,0.0,0.0,0.0,0.0,0.0,0.0,0.0,0.0,0.0,0.0,0.0,0.0
Hsa-Mir-506-P9_5p,0.0,0.0,0.0,0.0,0.0,0.0,0.0,0.0,0.0,0.0,0.0,0.0,0.0,0.0,0.0,0.0,0.0,0.0
Hsa-Mir-5094_3p*,0.0,0.0,0.0,0.0,0.0,0.0,0.0,0.0,0.0,0.0,0.0,0.0,0.0,0.0,0.0,0.0,0.0,0.0
Hsa-Mir-5094_5p,0.0,0.0,0.0,0.0,0.0,0.0,0.0,0.0,0.0,0.0,0.0,0.0,0.0,0.0,0.0,0.0,0.0,0.0
Hsa-Mir-511_3p,2.0,0.0,0.0,2.0,3.0,6.0,2.0,2.0,0.0,0.0,3.0,0.0,0.0,0.0,9.0,0.0,0.0,3.0
Hsa-Mir-511_5p,0.0,0.0,0.0,3.0,3.0,2.0,0.0,3.0,2.0,9.0,11.0,7.0,5.0,8.0,20.0,0.0,3.0,0.0
Hsa-Mir-5194_3p,0.0,0.0,0.0,0.0,0.0,0.0,0.0,0.0,0.0,0.0,0.0,0.0,0.0,0.0,0.0,0.0,0.0,0.0
Hsa-Mir-5194_5p*,0.0,0.0,0.0,0.0,0.0,0.0,0.0,0.0,0.0,0.0,0.0,0.0,0.0,0.0,0.0,0.0,0.0,0.0
Hsa-Mir-541_3p*,0.0,0.0,0.0,0.0,0.0,0.0,0.0,0.0,0.0,0.0,0.0,0.0,0.0,0.0,0.0,0.0,0.0,0.0
Hsa-Mir-541_5p,0.0,0.0,0.0,0.0,0.0,0.0,0.0,0.0,0.0,0.0,0.0,0.0,0.0,0.0,0.0,0.0,0.0,0.0
Hsa-Mir-542-v1_3p/542-v2_3p,24.0,5.0,2.0,5.0,14.0,24.0,0.0,0.0,0.0,16.0,8.0,3.0,3.0,0.0,15.0,0.0,5.0,3.0
Hsa-Mir-542-v1_5p*/542-v2_5p*,5.0,0.0,0.0,0.0,0.0,2.0,0.0,0.0,0.0,0.0,5.0,0.0,2.0,0.0,2.0,0.0,2.0,0.0
Hsa-Mir-544_3p*,0.0,0.0,0.0,0.0,0.0,0.0,0.0,0.0,0.0,0.0,0.0,0.0,0.0,0.0,0.0,0.0,0.0,0.0
Hsa-Mir-544_5p,0.0,0.0,0.0,0.0,0.0,0.0,0.0,0.0,0.0,0.0,0.0,0.0,0.0,0.0,0.0,0.0,0.0,0.0
Hsa-Mir-550-P1_3p/550-P2_3p/550-P3_3p,2.0,6.0,6.0,0.0,4.0,0.0,3.0,3.0,4.0,2.0,2.0,3.0,0.0,0.0,3.0,3.0,3.0,2.0
Hsa-Mir-550-P1_5p*/550-P2_5p*/550-P3_5p*,0.0,6.0,7.0,0.0,4.0,0.0,2.0,5.0,0.0,0.0,0.0,0.0,0.0,0.0,0.0,0.0,3.0,2.0
Hsa-Mir-551-P1_3p,0.0,0.0,0.0,0.0,0.0,0.0,0.0,0.0,0.0,0.0,0.0,0.0,0.0,0.0,2.0,0.0,0.0,0.0
Hsa-Mir-551-P1_5p*,0.0,0.0,0.0,0.0,0.0,0.0,0.0,0.0,0.0,0.0,0.0,0.0,0.0,0.0,0.0,0.0,0.0,0.0
Hsa-Mir-551-P2_3p,0.0,0.0,0.0,0.0,0.0,0.0,0.0,0.0,0.0,0.0,4.0,0.0,3.0,0.0,10.0,0.0,0.0,0.0
Hsa-Mir-551-P2_5p*,0.0,0.0,0.0,0.0,0.0,0.0,0.0,0.0,0.0,0.0,0.0,0.0,0.0,0.0,0.0,0.0,0.0,0.0
Hsa-Mir-552_3p,19.0,42.0,39.0,40.0,77.0,35.0,5.0,19.0,7.0,0.0,0.0,0.0,0.0,0.0,0.0,5.0,21.0,12.0
Hsa-Mir-552_5p*,19.0,27.0,32.0,13.0,35.0,13.0,9.0,12.0,8.0,0.0,0.0,0.0,0.0,0.0,0.0,0.0,15.0,11.0
Hsa-Mir-556_3p,0.0,0.0,0.0,0.0,0.0,0.0,0.0,0.0,0.0,0.0,0.0,0.0,0.0,0.0,0.0,0.0,0.0,3.0
Hsa-Mir-556_5p,0.0,0.0,0.0,0.0,0.0,0.0,0.0,0.0,0.0,0.0,3.0,0.0,0.0,0.0,0.0,0.0,0.0,0.0
Hsa-Mir-5579_3p,0.0,0.0,0.0,0.0,0.0,0.0,0.0,0.0,0.0,0.0,0.0,0.0,0.0,0.0,0.0,0.0,0.0,0.0
Hsa-Mir-5579_5p*,0.0,0.0,0.0,0.0,0.0,0.0,0.0,0.0,0.0,0.0,0.0,0.0,0.0,0.0,0.0,0.0,0.0,0.0
Hsa-Mir-5581_3p,0.0,0.0,0.0,0.0,0.0,0.0,0.0,0.0,0.0,0.0,0.0,0.0,0.0,0.0,0.0,0.0,0.0,0.0
Hsa-Mir-5581_5p*,0.0,0.0,0.0,0.0,0.0,0.0,0.0,0.0,0.0,0.0,0.0,0.0,0.0,0.0,0.0,0.0,0.0,0.0
Hsa-Mir-5586_3p*,0.0,0.0,0.0,0.0,0.0,0.0,0.0,0.0,0.0,0.0,0.0,0.0,0.0,0.0,0.0,0.0,0.0,0.0
Hsa-Mir-5586_5p,0.0,0.0,0.0,0.0,0.0,0.0,0.0,2.0,0.0,0.0,0.0,0.0,0.0,0.0,0.0,0.0,0.0,0.0
Hsa-Mir-561_3p*,0.0,0.0,0.0,0.0,0.0,0.0,0.0,0.0,0.0,0.0,0.0,0.0,0.0,0.0,0.0,0.0,0.0,0.0
Hsa-Mir-561_5p,2.0,7.0,11.0,6.0,14.0,12.0,0.0,8.0,5.0,2.0,0.0,0.0,0.0,2.0,8.0,4.0,6.0,7.0
Hsa-Mir-5683_3p*,0.0,0.0,0.0,0.0,0.0,0.0,0.0,0.0,0.0,0.0,0.0,0.0,0.0,0.0,0.0,0.0,0.0,0.0
Hsa-Mir-5683_5p,0.0,0.0,0.0,0.0,0.0,0.0,0.0,0.0,0.0,0.0,0.0,0.0,0.0,0.0,0.0,0.0,0.0,8.0
Hsa-Mir-5687_3p*,0.0,0.0,0.0,0.0,0.0,0.0,0.0,0.0,0.0,0.0,0.0,0.0,0.0,0.0,0.0,0.0,0.0,0.0
Hsa-Mir-5687_5p,0.0,0.0,0.0,0.0,0.0,0.0,0.0,0.0,0.0,0.0,0.0,0.0,0.0,0.0,0.0,0.0,0.0,0.0
Hsa-Mir-5691_3p*,0.0,0.0,0.0,0.0,0.0,0.0,0.0,0.0,0.0,0.0,0.0,0.0,0.0,0.0,0.0,0.0,0.0,0.0
Hsa-Mir-5691_5p,0.0,0.0,0.0,0.0,0.0,0.0,0.0,0.0,0.0,0.0,0.0,0.0,0.0,0.0,0.0,0.0,0.0,0.0
Hsa-Mir-574_3p,301.0,289.0,364.0,134.0,44.0,120.0,349.0,545.0,315.0,831.0,395.0,812.0,150.0,248.0,115.0,108.0,108.0,121.0
Hsa-Mir-574_5p*,58.0,73.0,93.0,15.0,4.0,23.0,57.0,64.0,48.0,65.0,32.0,57.0,31.0,35.0,8.0,13.0,31.0,33.0
Hsa-Mir-576_3p*,0.0,0.0,3.0,6.0,4.0,0.0,2.0,0.0,0.0,5.0,0.0,0.0,0.0,0.0,3.0,0.0,3.0,0.0
Hsa-Mir-576_5p,9.0,6.0,6.0,4.0,9.0,6.0,9.0,5.0,5.0,10.0,11.0,5.0,0.0,3.0,11.0,7.0,5.0,2.0
Hsa-Mir-577_3p*,0.0,0.0,0.0,0.0,0.0,0.0,0.0,0.0,0.0,0.0,0.0,0.0,0.0,0.0,0.0,0.0,0.0,0.0
Hsa-Mir-577_5p,66.0,61.0,58.0,46.0,137.0,50.0,52.0,106.0,33.0,0.0,0.0,0.0,0.0,0.0,0.0,53.0,87.0,151.0
Hsa-Mir-579_3p*,0.0,0.0,0.0,0.0,0.0,0.0,0.0,0.0,0.0,0.0,0.0,0.0,0.0,0.0,0.0,0.0,0.0,0.0
Hsa-Mir-579_5p,0.0,0.0,0.0,0.0,0.0,0.0,0.0,0.0,0.0,0.0,0.0,0.0,0.0,0.0,0.0,0.0,0.0,0.0
Hsa-Mir-580_3p,0.0,0.0,0.0,0.0,0.0,0.0,0.0,0.0,0.0,0.0,5.0,0.0,0.0,0.0,0.0,0.0,0.0,0.0
Hsa-Mir-580_5p*,0.0,0.0,0.0,0.0,0.0,0.0,0.0,0.0,0.0,0.0,0.0,0.0,0.0,0.0,0.0,0.0,0.0,0.0
Hsa-Mir-582_3p,20.0,8.0,11.0,24.0,28.0,27.0,5.0,10.0,10.0,5.0,28.0,9.0,3.0,3.0,36.0,17.0,11.0,9.0
Hsa-Mir-582_5p*,26.0,6.0,3.0,12.0,10.0,10.0,11.0,16.0,27.0,17.0,13.0,0.0,2.0,0.0,4.0,9.0,5.0,20.0
Hsa-Mir-584_3p*,0.0,0.0,0.0,2.0,0.0,0.0,0.0,0.0,0.0,0.0,0.0,0.0,0.0,0.0,0.0,0.0,0.0,0.0
Hsa-Mir-584_5p,47.0,51.0,127.0,82.0,166.0,233.0,5.0,21.0,12.0,11.0,0.0,14.0,8.0,23.0,17.0,13.0,32.0,36.0
Hsa-Mir-585_3p,0.0,0.0,0.0,0.0,0.0,0.0,0.0,4.0,0.0,0.0,0.0,0.0,0.0,0.0,0.0,0.0,0.0,0.0
Hsa-Mir-585_5p*,0.0,0.0,0.0,0.0,0.0,0.0,0.0,0.0,0.0,0.0,0.0,0.0,0.0,0.0,0.0,0.0,0.0,0.0
Hsa-Mir-588_3p*,0.0,0.0,0.0,0.0,0.0,0.0,0.0,0.0,0.0,0.0,0.0,0.0,0.0,0.0,0.0,0.0,0.0,0.0
Hsa-Mir-588_5p,0.0,0.0,0.0,0.0,0.0,0.0,0.0,0.0,0.0,0.0,0.0,0.0,0.0,0.0,0.0,0.0,0.0,0.0
Hsa-Mir-589_3p*,9.0,0.0,11.0,5.0,2.0,2.0,2.0,4.0,0.0,6.0,0.0,0.0,0.0,0.0,0.0,0.0,4.0,4.0
Hsa-Mir-589_5p,19.0,14.0,30.0,18.0,24.0,4.0,17.0,18.0,7.0,29.0,11.0,12.0,8.0,6.0,8.0,8.0,12.0,20.0
Hsa-Mir-590_3p,27.0,19.0,5.0,9.0,13.0,16.0,4.0,4.0,9.0,5.0,12.0,6.0,0.0,0.0,9.0,6.0,12.0,19.0
Hsa-Mir-590_5p*,0.0,0.0,0.0,0.0,0.0,2.0,0.0,0.0,0.0,0.0,0.0,0.0,0.0,0.0,0.0,0.0,0.0,0.0
Hsa-Mir-592_3p*,0.0,0.0,0.0,0.0,0.0,0.0,0.0,0.0,0.0,0.0,0.0,0.0,0.0,0.0,0.0,0.0,0.0,0.0
Hsa-Mir-592_5p,29.0,18.0,14.0,34.0,26.0,3.0,3.0,5.0,4.0,6.0,5.0,4.0,3.0,0.0,5.0,5.0,12.0,10.0
Hsa-Mir-597_3p,0.0,0.0,0.0,0.0,0.0,0.0,0.0,0.0,0.0,0.0,0.0,0.0,0.0,0.0,0.0,0.0,0.0,0.0
Hsa-Mir-597_5p*,0.0,0.0,0.0,0.0,0.0,0.0,0.0,0.0,0.0,0.0,0.0,0.0,0.0,0.0,0.0,0.0,0.0,0.0
Hsa-Mir-598_3p,12.0,14.0,0.0,9.0,6.0,25.0,18.0,12.0,20.0,0.0,6.0,0.0,7.0,14.0,33.0,4.0,20.0,0.0
Hsa-Mir-598_5p*,0.0,0.0,0.0,0.0,0.0,0.0,0.0,0.0,0.0,0.0,0.0,0.0,0.0,0.0,0.0,0.0,0.0,0.0
Hsa-Mir-599_3p*,0.0,0.0,0.0,0.0,0.0,0.0,0.0,0.0,0.0,0.0,0.0,0.0,0.0,0.0,0.0,0.0,0.0,0.0
Hsa-Mir-599_5p,0.0,0.0,0.0,0.0,0.0,0.0,0.0,0.0,0.0,0.0,0.0,0.0,0.0,0.0,0.0,0.0,0.0,0.0
Hsa-Mir-605-v1_3p/605-v2_3p,0.0,0.0,0.0,0.0,0.0,0.0,0.0,0.0,0.0,0.0,0.0,0.0,0.0,0.0,0.0,0.0,0.0,0.0
Hsa-Mir-605-v1_5p*/605-v2_5p*,0.0,0.0,0.0,0.0,0.0,0.0,0.0,0.0,0.0,0.0,0.0,0.0,0.0,0.0,0.0,0.0,0.0,0.0
Hsa-Mir-615_3p,9.0,0.0,0.0,0.0,0.0,0.0,0.0,0.0,0.0,0.0,0.0,0.0,0.0,0.0,0.0,0.0,0.0,0.0
Hsa-Mir-615_5p*,0.0,0.0,0.0,0.0,0.0,0.0,0.0,0.0,0.0,0.0,0.0,0.0,0.0,0.0,0.0,0.0,0.0,0.0
Hsa-Mir-616_3p*,0.0,0.0,0.0,0.0,0.0,0.0,0.0,0.0,0.0,0.0,0.0,0.0,0.0,0.0,0.0,0.0,0.0,0.0
Hsa-Mir-616_5p,2.0,5.0,4.0,0.0,0.0,0.0,0.0,0.0,0.0,6.0,5.0,6.0,0.0,0.0,0.0,0.0,0.0,3.0
Hsa-Mir-624_3p*,0.0,0.0,0.0,0.0,0.0,0.0,0.0,0.0,0.0,0.0,3.0,0.0,0.0,0.0,0.0,0.0,0.0,0.0
Hsa-Mir-624_5p,0.0,0.0,0.0,0.0,0.0,0.0,0.0,0.0,0.0,0.0,2.0,0.0,0.0,0.0,2.0,0.0,0.0,0.0
Hsa-Mir-625_3p,7.0,14.0,25.0,5.0,4.0,3.0,24.0,15.0,5.0,13.0,0.0,7.0,0.0,2.0,3.0,8.0,26.0,4.0
Hsa-Mir-625_5p,8.0,3.0,7.0,5.0,4.0,2.0,9.0,3.0,4.0,0.0,2.0,0.0,0.0,0.0,2.0,9.0,18.0,4.0
Hsa-Mir-628_3p*,2.0,2.0,2.0,0.0,0.0,0.0,3.0,0.0,4.0,4.0,5.0,4.0,0.0,0.0,5.0,0.0,0.0,3.0
Hsa-Mir-628_5p,9.0,9.0,3.0,3.0,2.0,3.0,0.0,0.0,0.0,5.0,7.0,5.0,0.0,0.0,10.0,0.0,2.0,6.0
Hsa-Mir-629_3p*,0.0,0.0,4.0,0.0,0.0,0.0,4.0,3.0,0.0,0.0,0.0,0.0,0.0,0.0,0.0,3.0,0.0,0.0
Hsa-Mir-629_5p,0.0,4.0,7.0,15.0,4.0,7.0,6.0,10.0,0.0,4.0,4.0,2.0,3.0,3.0,5.0,5.0,7.0,7.0
Hsa-Mir-642_3p,0.0,0.0,0.0,0.0,0.0,0.0,0.0,2.0,0.0,0.0,0.0,0.0,0.0,0.0,0.0,0.0,0.0,0.0
Hsa-Mir-642_5p,0.0,0.0,0.0,0.0,0.0,0.0,0.0,5.0,2.0,0.0,0.0,0.0,0.0,0.0,0.0,0.0,0.0,0.0
Hsa-Mir-651_3p*,0.0,0.0,0.0,0.0,0.0,0.0,0.0,0.0,0.0,0.0,0.0,0.0,0.0,0.0,0.0,0.0,0.0,0.0
Hsa-Mir-651_5p,9.0,2.0,0.0,6.0,3.0,4.0,2.0,0.0,3.0,3.0,0.0,0.0,0.0,2.0,0.0,0.0,3.0,0.0
Hsa-Mir-6529_3p*,0.0,0.0,0.0,0.0,0.0,0.0,0.0,0.0,0.0,0.0,0.0,0.0,0.0,0.0,0.0,0.0,0.0,0.0
Hsa-Mir-6529_5p,0.0,0.0,0.0,0.0,0.0,0.0,0.0,0.0,0.0,0.0,0.0,0.0,0.0,0.0,0.0,0.0,0.0,0.0
Hsa-Mir-652_3p,57.0,22.0,86.0,40.0,58.0,55.0,87.0,134.0,38.0,30.0,18.0,12.0,46.0,95.0,91.0,27.0,87.0,31.0
Hsa-Mir-652_5p*,2.0,5.0,2.0,4.0,6.0,0.0,0.0,0.0,2.0,2.0,0.0,0.0,0.0,0.0,9.0,6.0,4.0,7.0
Hsa-Mir-653_3p*,0.0,0.0,0.0,0.0,0.0,0.0,0.0,0.0,0.0,0.0,0.0,0.0,0.0,0.0,0.0,0.0,0.0,0.0
Hsa-Mir-653_5p,2.0,9.0,0.0,4.0,3.0,3.0,2.0,0.0,0.0,4.0,6.0,0.0,0.0,4.0,4.0,0.0,0.0,0.0
Hsa-Mir-670_3p,0.0,0.0,0.0,0.0,0.0,0.0,0.0,0.0,0.0,0.0,0.0,0.0,0.0,0.0,0.0,0.0,0.0,0.0
Hsa-Mir-670_5p*,0.0,0.0,0.0,0.0,0.0,0.0,0.0,0.0,0.0,0.0,0.0,0.0,0.0,0.0,0.0,0.0,0.0,0.0
Hsa-Mir-6715_3p,0.0,0.0,0.0,0.0,0.0,0.0,0.0,0.0,0.0,0.0,13.0,0.0,0.0,0.0,0.0,0.0,0.0,0.0
Hsa-Mir-6715_5p*,0.0,0.0,0.0,0.0,0.0,0.0,0.0,0.0,0.0,0.0,0.0,0.0,0.0,0.0,0.0,0.0,0.0,0.0
Hsa-Mir-671_3p,23.0,27.0,25.0,9.0,27.0,20.0,0.0,7.0,5.0,27.0,15.0,28.0,14.0,12.0,6.0,8.0,21.0,15.0
Hsa-Mir-671_5p,8.0,0.0,3.0,4.0,6.0,6.0,8.0,7.0,2.0,0.0,5.0,0.0,4.0,0.0,0.0,0.0,11.0,4.0
Hsa-Mir-675_3p,8.0,0.0,3.0,4.0,7.0,0.0,0.0,0.0,0.0,24.0,14.0,9.0,0.0,0.0,0.0,0.0,0.0,0.0
Hsa-Mir-675_5p*,0.0,0.0,0.0,0.0,0.0,0.0,0.0,0.0,0.0,0.0,6.0,0.0,0.0,0.0,0.0,0.0,0.0,0.0
Hsa-Mir-676_3p,0.0,0.0,0.0,0.0,3.0,0.0,0.0,2.0,0.0,0.0,0.0,0.0,0.0,0.0,0.0,0.0,0.0,0.0
Hsa-Mir-676_5p*,0.0,0.0,0.0,0.0,0.0,0.0,0.0,0.0,0.0,0.0,0.0,0.0,0.0,0.0,0.0,0.0,0.0,0.0
Hsa-Mir-6798_3p,0.0,0.0,0.0,0.0,0.0,0.0,0.0,0.0,0.0,0.0,0.0,0.0,0.0,0.0,0.0,0.0,0.0,0.0
Hsa-Mir-6798_5p*,0.0,0.0,0.0,0.0,0.0,0.0,0.0,0.0,0.0,0.0,0.0,0.0,0.0,0.0,0.0,0.0,0.0,0.0
Hsa-Mir-7-P1_3p*,11.0,9.0,5.0,0.0,16.0,8.0,19.0,14.0,9.0,0.0,0.0,0.0,3.0,6.0,4.0,5.0,19.0,6.0
Hsa-Mir-7-P1_5p/7-P2_5p/7-P3_5p,22.0,16.0,33.0,6.0,132.0,37.0,7.0,7.0,4.0,0.0,0.0,0.0,0.0,2.0,2.0,5.0,23.0,21.0
Hsa-Mir-7-P2_3p*,0.0,0.0,0.0,0.0,0.0,0.0,0.0,0.0,0.0,0.0,0.0,0.0,0.0,0.0,0.0,0.0,0.0,0.0
Hsa-Mir-7-P3_3p*,0.0,0.0,0.0,0.0,0.0,0.0,0.0,0.0,0.0,0.0,0.0,0.0,0.0,0.0,0.0,0.0,0.0,0.0
Hsa-Mir-7151_3p*,0.0,0.0,0.0,0.0,0.0,0.0,0.0,0.0,0.0,0.0,0.0,0.0,0.0,0.0,0.0,0.0,0.0,0.0
Hsa-Mir-7151_5p,0.0,0.0,0.0,0.0,0.0,0.0,0.0,0.0,0.0,0.0,0.0,0.0,0.0,0.0,0.0,0.0,0.0,0.0
Hsa-Mir-744_3p*,0.0,3.0,0.0,0.0,6.0,5.0,3.0,3.0,0.0,3.0,2.0,2.0,0.0,0.0,5.0,0.0,5.0,0.0
Hsa-Mir-744_5p,76.0,78.0,98.0,16.0,28.0,18.0,52.0,16.0,27.0,124.0,70.0,112.0,82.0,50.0,20.0,19.0,37.0,26.0
Hsa-Mir-760_3p,0.0,0.0,0.0,0.0,0.0,0.0,0.0,0.0,0.0,0.0,0.0,0.0,0.0,0.0,0.0,0.0,0.0,0.0
Hsa-Mir-760_5p*,0.0,0.0,0.0,0.0,0.0,0.0,0.0,0.0,0.0,0.0,0.0,0.0,0.0,0.0,0.0,0.0,0.0,0.0
Hsa-Mir-766_3p,13.0,3.0,13.0,6.0,2.0,0.0,0.0,0.0,2.0,17.0,5.0,21.0,6.0,4.0,0.0,2.0,11.0,0.0
Hsa-Mir-766_5p,0.0,0.0,0.0,0.0,0.0,0.0,0.0,0.0,0.0,0.0,0.0,2.0,0.0,2.0,0.0,0.0,0.0,0.0
Hsa-Mir-769_3p*,0.0,0.0,0.0,0.0,0.0,3.0,0.0,0.0,0.0,0.0,0.0,0.0,0.0,0.0,0.0,0.0,0.0,0.0
Hsa-Mir-769_5p,241.0,116.0,204.0,75.0,168.0,105.0,109.0,189.0,80.0,121.0,87.0,72.0,92.0,164.0,127.0,67.0,365.0,107.0
Hsa-Mir-770_3p,0.0,0.0,0.0,0.0,0.0,0.0,0.0,0.0,0.0,0.0,0.0,0.0,0.0,0.0,0.0,0.0,0.0,0.0
Hsa-Mir-770_5p,0.0,0.0,0.0,0.0,0.0,0.0,0.0,0.0,0.0,0.0,0.0,0.0,0.0,0.0,0.0,0.0,0.0,0.0
Hsa-Mir-7854_3p,0.0,0.0,0.0,0.0,0.0,0.0,0.0,0.0,0.0,0.0,0.0,0.0,0.0,0.0,0.0,0.0,0.0,0.0
Hsa-Mir-7854_5p*,0.0,0.0,0.0,0.0,0.0,0.0,0.0,0.0,0.0,0.0,0.0,0.0,0.0,0.0,0.0,0.0,0.0,0.0
Hsa-Mir-8-P1a_3p,434.0,806.0,872.0,855.0,511.0,1246.0,405.0,734.0,478.0,41.0,42.0,28.0,74.0,69.0,235.0,429.0,816.0,299.0
Hsa-Mir-8-P1a_5p*,51.0,42.0,81.0,121.0,102.0,158.0,32.0,55.0,25.0,0.0,0.0,6.0,5.0,0.0,17.0,52.0,68.0,35.0
Hsa-Mir-8-P1b_3p,3370.0,10040.0,1986.0,2552.0,2622.0,6311.0,1090.0,2209.0,2355.0,59.0,33.0,62.0,485.0,986.0,3969.0,2118.0,2331.0,1149.0
Hsa-Mir-8-P1b_5p*,93.0,111.0,35.0,78.0,197.0,96.0,43.0,39.0,26.0,0.0,0.0,0.0,2.0,10.0,43.0,70.0,78.0,65.0
Hsa-Mir-8-P2a_3p,1997.0,3818.0,8191.0,4901.0,1938.0,2787.0,2950.0,4949.0,1934.0,230.0,106.0,210.0,213.0,234.0,317.0,1929.0,5862.0,2865.0
Hsa-Mir-8-P2a_5p*,19.0,26.0,110.0,40.0,22.0,37.0,28.0,71.0,23.0,0.0,0.0,3.0,0.0,5.0,0.0,16.0,75.0,20.0
Hsa-Mir-8-P2b_3p,588.0,1007.0,3803.0,1058.0,945.0,778.0,1399.0,2926.0,1079.0,20.0,15.0,32.0,283.0,624.0,379.0,644.0,1723.0,457.0
Hsa-Mir-8-P2b_5p*,3.0,0.0,0.0,0.0,10.0,0.0,0.0,2.0,0.0,0.0,0.0,0.0,0.0,0.0,0.0,3.0,0.0,3.0
Hsa-Mir-8-P3a_3p,911.0,1019.0,940.0,931.0,638.0,1369.0,420.0,816.0,431.0,29.0,24.0,35.0,42.0,55.0,197.0,677.0,898.0,466.0
Hsa-Mir-8-P3a_5p*,0.0,0.0,0.0,0.0,0.0,0.0,0.0,0.0,0.0,0.0,0.0,0.0,0.0,0.0,0.0,0.0,0.0,0.0
Hsa-Mir-873-v1_3p/873-v2_3p*,0.0,0.0,0.0,0.0,0.0,0.0,0.0,0.0,0.0,0.0,0.0,0.0,0.0,3.0,0.0,0.0,0.0,0.0
Hsa-Mir-873-v1_5p/873-v2_5p,0.0,0.0,0.0,0.0,0.0,2.0,0.0,0.0,0.0,0.0,0.0,0.0,0.0,9.0,16.0,0.0,0.0,2.0
Hsa-Mir-874_3p,51.0,14.0,7.0,38.0,25.0,34.0,22.0,17.0,11.0,27.0,35.0,18.0,27.0,29.0,15.0,5.0,11.0,40.0
Hsa-Mir-874_5p*,14.0,5.0,0.0,6.0,5.0,2.0,3.0,2.0,0.0,13.0,4.0,9.0,12.0,14.0,6.0,3.0,3.0,8.0
Hsa-Mir-875_3p*,0.0,0.0,0.0,0.0,0.0,0.0,0.0,0.0,0.0,0.0,0.0,0.0,0.0,0.0,0.0,0.0,0.0,0.0
Hsa-Mir-875_5p,0.0,0.0,0.0,0.0,0.0,0.0,0.0,0.0,0.0,0.0,0.0,0.0,0.0,0.0,0.0,0.0,0.0,0.0
Hsa-Mir-876_3p,0.0,0.0,0.0,0.0,0.0,0.0,0.0,0.0,0.0,0.0,0.0,0.0,0.0,0.0,0.0,0.0,0.0,0.0
Hsa-Mir-876_5p*,0.0,0.0,0.0,0.0,0.0,0.0,0.0,0.0,0.0,0.0,0.0,0.0,0.0,0.0,0.0,0.0,0.0,0.0
Hsa-Mir-885_3p*,0.0,0.0,0.0,0.0,0.0,0.0,0.0,0.0,0.0,16.0,5.0,35.0,0.0,0.0,0.0,0.0,0.0,0.0
Hsa-Mir-885_5p,4.0,0.0,4.0,0.0,0.0,0.0,0.0,2.0,0.0,545.0,276.0,399.0,0.0,0.0,0.0,0.0,0.0,0.0
Hsa-Mir-887_3p,22.0,22.0,10.0,7.0,2.0,12.0,8.0,10.0,9.0,13.0,16.0,0.0,5.0,8.0,9.0,8.0,2.0,17.0
Hsa-Mir-887_5p,0.0,0.0,2.0,0.0,0.0,0.0,0.0,0.0,0.0,0.0,0.0,0.0,0.0,2.0,0.0,0.0,0.0,0.0
Hsa-Mir-9-P1_3p*/9-P2_3p*/9-P3_3p*,0.0,0.0,0.0,0.0,0.0,0.0,0.0,0.0,2.0,0.0,0.0,0.0,0.0,0.0,0.0,0.0,0.0,0.0
Hsa-Mir-9-P1_5p/9-P2_5p/9-P3_5p,15.0,0.0,3.0,5.0,10.0,5.0,20.0,16.0,37.0,3.0,18.0,3.0,0.0,0.0,2.0,5.0,2.0,5.0
Hsa-Mir-92-P1a_3p/92-P1b_3p,20951.0,36275.0,51903.0,12743.0,17302.0,22744.0,8083.0,9345.0,3771.0,40175.0,24553.0,26038.0,12254.0,9414.0,6959.0,5945.0,53595.0,8747.0
Hsa-Mir-92-P1a_5p*,5.0,11.0,15.0,0.0,19.0,11.0,5.0,3.0,2.0,0.0,6.0,2.0,4.0,0.0,0.0,2.0,31.0,4.0
Hsa-Mir-92-P1b_5p*,0.0,0.0,0.0,0.0,0.0,0.0,0.0,0.0,0.0,0.0,0.0,0.0,0.0,0.0,0.0,0.0,0.0,0.0
Hsa-Mir-92-P2_3p,1356.0,1742.0,1023.0,1057.0,3128.0,1936.0,1075.0,1355.0,608.0,996.0,892.0,487.0,640.0,951.0,1368.0,697.0,2412.0,833.0
Hsa-Mir-92-P2_5p*,4.0,10.0,18.0,3.0,19.0,2.0,6.0,8.0,0.0,4.0,6.0,2.0,5.0,2.0,3.0,5.0,19.0,2.0
Hsa-Mir-92-P3_3p,900.0,893.0,825.0,368.0,345.0,401.0,409.0,361.0,291.0,678.0,148.0,320.0,1857.0,1895.0,865.0,526.0,778.0,1354.0
Hsa-Mir-92-P3_5p*,0.0,0.0,0.0,0.0,0.0,0.0,0.0,0.0,0.0,0.0,0.0,0.0,2.0,3.0,0.0,0.0,0.0,0.0
Hsa-Mir-92-P4_3p,39.0,11.0,5.0,5.0,7.0,29.0,38.0,45.0,106.0,38.0,47.0,27.0,29.0,32.0,54.0,25.0,16.0,73.0
Hsa-Mir-92-P4_5p*,0.0,0.0,0.0,0.0,0.0,0.0,0.0,0.0,0.0,0.0,0.0,0.0,0.0,0.0,0.0,0.0,0.0,0.0
Hsa-Mir-92-P5_3p,0.0,0.0,0.0,0.0,0.0,0.0,0.0,0.0,0.0,0.0,0.0,0.0,0.0,0.0,0.0,0.0,0.0,0.0
Hsa-Mir-92-P5_5p*,0.0,0.0,0.0,0.0,0.0,0.0,0.0,0.0,0.0,0.0,0.0,0.0,0.0,0.0,0.0,0.0,0.0,0.0
Hsa-Mir-933_3p,0.0,0.0,0.0,0.0,0.0,0.0,0.0,0.0,0.0,0.0,0.0,0.0,0.0,0.0,0.0,0.0,0.0,0.0
Hsa-Mir-933_5p*,0.0,0.0,0.0,0.0,0.0,0.0,0.0,0.0,0.0,0.0,0.0,0.0,0.0,0.0,0.0,0.0,0.0,0.0
Hsa-Mir-934_3p*,0.0,0.0,0.0,0.0,0.0,0.0,0.0,0.0,0.0,0.0,0.0,0.0,0.0,0.0,0.0,0.0,0.0,0.0
Hsa-Mir-934_5p,0.0,0.0,0.0,0.0,0.0,0.0,0.0,0.0,0.0,0.0,0.0,0.0,0.0,0.0,0.0,0.0,0.0,0.0
Hsa-Mir-935-v1_3p/935-v2_3p,9.0,0.0,0.0,0.0,2.0,0.0,0.0,0.0,0.0,0.0,0.0,0.0,0.0,0.0,0.0,9.0,4.0,0.0
Hsa-Mir-935-v1_5p*/935-v2_5p*,0.0,0.0,0.0,0.0,0.0,0.0,0.0,0.0,0.0,0.0,0.0,0.0,0.0,0.0,0.0,0.0,0.0,0.0
Hsa-Mir-942-v1_3p*,0.0,0.0,0.0,0.0,0.0,0.0,0.0,0.0,0.0,0.0,0.0,0.0,0.0,0.0,0.0,0.0,0.0,0.0
Hsa-Mir-942-v1_5p,4.0,4.0,6.0,0.0,0.0,0.0,0.0,2.0,0.0,0.0,4.0,0.0,0.0,0.0,0.0,0.0,4.0,3.0
Hsa-Mir-942-v2_3p*,0.0,0.0,0.0,0.0,0.0,0.0,0.0,0.0,0.0,0.0,0.0,0.0,0.0,0.0,0.0,0.0,0.0,0.0
Hsa-Mir-942-v2_5p,0.0,0.0,0.0,0.0,0.0,0.0,0.0,0.0,0.0,0.0,0.0,0.0,0.0,0.0,0.0,0.0,0.0,0.0
Hsa-Mir-944_3p,0.0,0.0,0.0,0.0,0.0,2.0,0.0,0.0,0.0,0.0,0.0,0.0,0.0,0.0,0.0,0.0,0.0,0.0
Hsa-Mir-944_5p*,0.0,0.0,0.0,0.0,0.0,0.0,0.0,0.0,0.0,0.0,0.0,0.0,0.0,0.0,0.0,0.0,0.0,0.0
Hsa-Mir-95-P1_3p,22.0,28.0,48.0,19.0,20.0,8.0,9.0,14.0,14.0,7.0,9.0,6.0,3.0,10.0,9.0,18.0,32.0,21.0
Hsa-Mir-95-P1_5p*,0.0,3.0,3.0,0.0,0.0,0.0,0.0,0.0,0.0,0.0,0.0,0.0,0.0,0.0,3.0,5.0,0.0,5.0
Hsa-Mir-95-P2_3p,106.0,104.0,140.0,54.0,223.0,74.0,26.0,41.0,17.0,43.0,43.0,47.0,25.0,50.0,64.0,27.0,80.0,50.0
Hsa-Mir-95-P2_5p*,0.0,0.0,0.0,0.0,3.0,0.0,0.0,0.0,0.0,0.0,0.0,0.0,0.0,0.0,0.0,0.0,0.0,0.0
Hsa-Mir-95-P3-v1_3p*/95-P3-v2_3p*,0.0,0.0,0.0,0.0,3.0,0.0,0.0,0.0,0.0,0.0,0.0,0.0,0.0,0.0,0.0,0.0,0.0,0.0
Hsa-Mir-95-P3-v1_5p,0.0,0.0,0.0,0.0,0.0,2.0,0.0,0.0,0.0,0.0,0.0,2.0,0.0,0.0,0.0,0.0,0.0,0.0
Hsa-Mir-95-P3-v2_5p,0.0,0.0,0.0,0.0,0.0,0.0,0.0,0.0,0.0,0.0,0.0,0.0,0.0,0.0,0.0,0.0,0.0,0.0
Hsa-Mir-95-P4_3p,0.0,0.0,0.0,0.0,0.0,0.0,0.0,0.0,0.0,0.0,0.0,0.0,0.0,0.0,0.0,0.0,0.0,0.0
Hsa-Mir-95-P4_5p*,0.0,0.0,0.0,0.0,0.0,0.0,0.0,0.0,0.0,0.0,0.0,0.0,0.0,0.0,0.0,0.0,0.0,0.0
Hsa-Mir-96-P1_3p*,0.0,0.0,0.0,0.0,0.0,0.0,0.0,0.0,0.0,0.0,0.0,0.0,0.0,0.0,0.0,0.0,0.0,0.0
Hsa-Mir-96-P1_5p,54.0,44.0,12.0,18.0,28.0,48.0,0.0,9.0,4.0,0.0,0.0,0.0,0.0,5.0,13.0,14.0,26.0,14.0
Hsa-Mir-96-P2_3p*,0.0,0.0,0.0,0.0,0.0,0.0,0.0,0.0,0.0,0.0,0.0,0.0,0.0,0.0,0.0,0.0,0.0,0.0
Hsa-Mir-96-P2_5p,4438.0,4311.0,3808.0,5788.0,7542.0,6060.0,803.0,1733.0,482.0,101.0,118.0,145.0,460.0,1265.0,1508.0,1199.0,4376.0,2655.0
Hsa-Mir-96-P3-v1_3p*/96-P3-v2_3p*,8.0,3.0,7.0,8.0,2.0,3.0,0.0,0.0,0.0,0.0,0.0,0.0,0.0,2.0,0.0,2.0,3.0,2.0
Hsa-Mir-96-P3-v1_5p/96-P3-v2_5p,824.0,256.0,446.0,567.0,965.0,940.0,72.0,212.0,68.0,7.0,6.0,10.0,39.0,218.0,132.0,130.0,512.0,196.0
Hsa-Mir-9851_3p,0.0,0.0,0.0,0.0,0.0,0.0,0.0,0.0,0.0,0.0,0.0,0.0,0.0,0.0,0.0,0.0,0.0,0.0
Hsa-Mir-9851_5p*,0.0,0.0,0.0,0.0,0.0,0.0,0.0,0.0,0.0,0.0,0.0,0.0,0.0,0.0,0.0,0.0,0.0,0.0
